temperature,rainfall,humidity,ph,label
29.33945948,206.9845284,54.56548827,6.440598515,Bawang Merah
29.18598873,212.0416079,52.32582023,5.775009123,Bawang Merah
28.76815336,213.4242119,51.66671799,6.005796145,Bawang Merah
28.75350447,200.2968838,53.44595235,5.671608095,Bawang Merah
29.36307753,230.1952112,53.02731331,5.605439201,Bawang Merah
29.07508029,203.8061528,54.57908817,5.768057014,Bawang Merah
28.63061218,211.9136015,50.48793652,5.734557309,Bawang Merah
28.73526428,205.5910429,51.25965377,5.81084233,Bawang Merah
28.65428391,210.1595014,50.98602258,6.494698947,Bawang Merah
29.89640189,210.3247722,53.34103674,6.228750103,Bawang Merah
29.6105889,229.2111267,51.33785277,5.615538145,Bawang Merah
29.31716343,229.2160234,51.6663586,5.750790387,Bawang Merah
29.6635449,232.2364694,53.26152043,5.947559164,Bawang Merah
29.21500444,206.2501773,54.8800454,6.034282758,Bawang Merah
29.15573904,224.3836932,50.91761339,6.445794566,Bawang Merah
29.22324435,214.1854935,53.6452667,6.171225179,Bawang Merah
28.95552602,226.0985972,51.81218869,5.75370637,Bawang Merah
28.76408135,226.1917971,53.02101679,6.007521244,Bawang Merah
29.73966475,211.8643854,52.87334646,5.753919882,Bawang Merah
29.79717372,228.5034365,54.53271349,6.342293444,Bawang Merah
28.59107834,220.4459829,54.09405781,5.776409049,Bawang Merah
29.51973592,223.1174492,50.85101818,6.45466079,Bawang Merah
29.69587375,226.9572675,53.02443433,5.648351831,Bawang Merah
28.58735894,214.4137957,53.5112635,6.112841,Bawang Merah
28.51365548,214.0978122,51.94071421,6.445854048,Bawang Merah
29.66332177,205.2694428,53.83122273,6.134577315,Bawang Merah
29.20912366,211.8686366,52.36474589,6.379488533,Bawang Merah
28.03163212,216.7338057,50.83714653,5.731650886,Bawang Merah
29.48611747,218.0082042,51.09225073,6.150724397,Bawang Merah
28.45638234,209.2767083,51.49656862,5.856073642,Bawang Merah
29.53878012,231.2388879,51.57800555,6.185247926,Bawang Merah
29.48227682,204.967037,52.59185253,5.601236542,Bawang Merah
29.71718653,215.5638811,53.01676411,6.017753922,Bawang Merah
28.99163538,205.7985088,54.84253846,5.678993775,Bawang Merah
28.80665539,216.9290787,54.1765039,5.812096479,Bawang Merah
29.60081328,221.3433212,51.4051176,5.871858401,Bawang Merah
29.37441138,223.057922,50.46461402,6.104570026,Bawang Merah
29.4309659,219.786536,52.87748278,6.148100898,Bawang Merah
29.63101893,203.131517,54.84357133,6.150002519,Bawang Merah
29.32176809,209.2302818,50.93829809,5.825906061,Bawang Merah
29.65641315,215.9574259,52.74037419,6.252057917,Bawang Merah
28.86245607,218.5952818,52.85844331,6.457002854,Bawang Merah
29.36512162,226.6525523,53.60982846,5.81961367,Bawang Merah
29.2070194,203.3876142,51.88559147,6.03363771,Bawang Merah
28.80033095,202.5328408,52.4683282,6.277249643,Bawang Merah
28.54531936,210.8586114,50.73850431,6.176891166,Bawang Merah
28.68368187,214.9221607,52.43368139,6.479362037,Bawang Merah
29.11538507,205.1457827,50.38829869,6.472054528,Bawang Merah
29.22029464,208.1060642,51.42229946,5.895706292,Bawang Merah
29.21797356,207.653378,53.14886622,6.335451415,Bawang Merah
28.84210391,210.0881157,51.64358813,5.64289638,Bawang Merah
29.68618928,231.7524978,50.62821609,6.359120549,Bawang Merah
29.82738585,201.6530351,50.14120703,6.121325726,Bawang Merah
29.74417386,201.7171997,53.98742789,5.619025852,Bawang Merah
29.05404337,216.7500365,52.64959485,6.210993444,Bawang Merah
29.90624369,204.2928788,51.42176041,6.228569018,Bawang Merah
29.20918765,228.0439097,54.30195825,6.022081154,Bawang Merah
28.22407289,225.1313863,51.33606504,5.780730169,Bawang Merah
29.44015873,201.9613882,51.3373474,6.342522115,Bawang Merah
28.67640609,223.6876317,53.62149501,6.495031795,Bawang Merah
28.13676463,222.5616109,50.14980256,6.466065698,Bawang Merah
29.28733875,205.3805634,54.32467982,6.111411871,Bawang Merah
28.25500984,203.5184262,53.60925835,5.983707579,Bawang Merah
28.06631197,206.5249376,50.82329155,5.85187197,Bawang Merah
28.09479615,213.192281,53.39966124,5.603287601,Bawang Merah
29.29216888,229.5988338,54.25039305,5.947100076,Bawang Merah
29.4737914,213.7932015,52.57316331,5.996456964,Bawang Merah
29.17280318,203.3748276,54.82971042,6.063014029,Bawang Merah
28.12567136,210.2082283,54.1631625,6.487902878,Bawang Merah
29.86681115,201.4712853,50.21734567,5.686197842,Bawang Merah
28.7315415,213.6470749,54.03970637,6.039282381,Bawang Merah
28.70221665,220.5785429,53.38575273,6.176310356,Bawang Merah
28.33691018,201.6113339,51.35480783,6.026072352,Bawang Merah
28.91764079,212.232048,50.98217264,6.090234485,Bawang Merah
29.28899317,208.2132047,52.38536325,5.79756522,Bawang Merah
29.29203741,206.3507251,52.73596863,5.609977573,Bawang Merah
28.07647918,222.0480284,53.19699638,6.170945371,Bawang Merah
29.42410844,223.2811277,51.33173741,5.978736448,Bawang Merah
29.58255406,205.912536,53.81620163,5.987609427,Bawang Merah
29.25975884,200.0475702,51.87381726,5.88118419,Bawang Merah
28.79136143,216.1785256,51.84068976,6.196477558,Bawang Merah
29.55562107,210.83318,54.14043839,6.336882703,Bawang Merah
28.06710036,212.0103029,53.40743285,6.325285566,Bawang Merah
28.52481054,210.7666159,54.66736866,5.623518108,Bawang Merah
29.77182479,228.5516999,54.58947211,5.867975645,Bawang Merah
28.24283657,219.8626449,52.78585265,6.239134311,Bawang Merah
29.29601587,218.8635064,51.90087987,6.194749847,Bawang Merah
28.06364442,231.5165547,54.24069207,5.641520002,Bawang Merah
28.26117784,214.4724415,54.44460773,6.241089343,Bawang Merah
29.09662427,228.012915,54.49749348,5.870385002,Bawang Merah
28.0776883,231.116874,50.40199267,6.009274198,Bawang Merah
29.37157831,232.9446351,52.93655731,6.05590605,Bawang Merah
28.06064197,206.1089568,53.66637836,6.240568094,Bawang Merah
28.50757839,228.6624299,53.19395777,5.772900179,Bawang Merah
29.69261955,219.283794,54.46869628,6.260495625,Bawang Merah
29.50283415,200.7966787,50.25919174,5.667028572,Bawang Merah
28.18589118,203.4684862,53.93845522,6.155725534,Bawang Merah
29.50228848,228.0333769,52.12851172,6.017073695,Bawang Merah
28.8310562,222.5429583,51.40524343,6.177975293,Bawang Merah
29.95945215,231.9383339,51.21860141,6.418388885,Bawang Merah
27.17990219,196.324837,80.6726219,6.404121846,Cabai Besar
27.38516184,183.0769861,83.75475992,6.331419962,Cabai Besar
26.13334667,195.3003038,83.19112809,5.919014555,Cabai Besar
26.40443284,185.1633892,80.31465702,5.647031423,Cabai Besar
28.38621738,183.948352,83.04785483,6.206674687,Cabai Besar
28.16784347,192.9581664,81.99227876,5.654101983,Cabai Besar
26.89506899,181.0175172,84.42569927,5.665856696,Cabai Besar
27.68855278,190.2912064,80.51243817,5.7002488,Cabai Besar
26.09592298,191.7830871,82.90422143,6.184034269,Cabai Besar
26.75869851,199.1115129,84.65314409,5.735359618,Cabai Besar
26.54398887,183.0818347,83.40356041,6.313089037,Cabai Besar
28.24844703,197.4088806,83.29124946,5.924608832,Cabai Besar
28.0940992,183.7651824,80.01376826,6.194692827,Cabai Besar
27.15271424,183.8047347,82.04872707,6.232994184,Cabai Besar
27.99302892,194.1661105,84.67572941,5.674802519,Cabai Besar
27.24081603,184.1508209,83.16722026,6.18905308,Cabai Besar
27.35163785,185.5233671,84.15157128,6.08148511,Cabai Besar
28.36740825,198.7295189,80.59212158,6.270823414,Cabai Besar
28.04621382,183.5178781,81.7512774,5.802203672,Cabai Besar
27.98255966,190.5782073,81.29162917,5.871561135,Cabai Besar
27.3052471,188.040543,82.51709834,5.520579402,Cabai Besar
28.57033612,197.3035765,82.60142443,5.997611747,Cabai Besar
26.08995029,191.3885633,83.04365079,6.024790027,Cabai Besar
26.52466472,180.1401284,83.57686424,5.89207252,Cabai Besar
26.03548832,184.8758187,82.28142941,5.675206587,Cabai Besar
28.53587479,198.1638779,83.04648397,6.445249297,Cabai Besar
27.47307671,199.208709,83.84908024,6.422488899,Cabai Besar
26.67973828,181.6249882,82.19362538,6.007150361,Cabai Besar
27.83818436,194.8853418,84.02870217,5.902294758,Cabai Besar
27.2897736,194.3837053,80.75791002,5.515511457,Cabai Besar
27.0211048,194.6508593,82.05995277,6.38663588,Cabai Besar
26.01446807,185.8521098,81.33527683,6.354494088,Cabai Besar
28.46772936,193.1865887,81.46800732,5.819399826,Cabai Besar
28.41136336,183.2441532,84.47607546,5.749986195,Cabai Besar
26.98050274,183.2110489,81.33804404,5.668701517,Cabai Besar
26.66287535,182.8845041,80.50031382,6.138861235,Cabai Besar
26.36449889,195.8862819,83.52583275,6.474937059,Cabai Besar
28.62076813,184.1796316,82.64829053,5.858680511,Cabai Besar
27.07126166,182.3973284,81.64251032,6.360756059,Cabai Besar
27.34151993,187.4554006,81.15633256,5.727053823,Cabai Besar
27.98460256,193.103179,82.98217325,5.521809528,Cabai Besar
27.65667664,199.0375294,80.98557032,5.720945113,Cabai Besar
26.2401019,199.4055625,84.66683612,5.9058743,Cabai Besar
28.67366155,197.5561239,81.64907723,6.012406227,Cabai Besar
27.28653664,193.297035,82.80595879,5.678532681,Cabai Besar
27.44749447,185.0676901,81.76980735,5.888129897,Cabai Besar
28.68634788,189.1954366,81.92560173,5.948119923,Cabai Besar
28.58823281,194.2159417,81.58810527,6.432457455,Cabai Besar
27.19265537,183.2551944,82.04168416,5.895025378,Cabai Besar
28.37357918,184.8804245,82.83803903,5.908340969,Cabai Besar
27.50572293,191.9435663,81.33525777,5.87189216,Cabai Besar
26.16889953,180.8761256,83.3785517,5.660496303,Cabai Besar
28.20201711,180.3235461,81.31371179,5.897998777,Cabai Besar
27.52442354,185.2008686,84.5800554,5.630712487,Cabai Besar
27.44346005,196.7759126,81.28854334,6.288468265,Cabai Besar
27.99865769,181.2644159,80.66964615,5.856545944,Cabai Besar
28.4715487,186.3502339,84.07130397,6.042380885,Cabai Besar
27.21386161,183.4171535,81.84776813,6.305284489,Cabai Besar
28.72300203,188.3976009,83.63886383,5.865306008,Cabai Besar
28.47107692,191.9448956,80.89595826,6.080204862,Cabai Besar
27.41009715,180.0111518,80.3318542,6.215003392,Cabai Besar
26.10765503,191.4311922,82.69480482,5.627819311,Cabai Besar
26.26443208,196.7898514,83.42470983,5.652340727,Cabai Besar
28.49556158,189.2534248,81.41223077,5.505743009,Cabai Besar
27.32143584,192.495411,80.74154778,5.572332211,Cabai Besar
28.4180608,185.5179228,83.54875975,6.232906084,Cabai Besar
26.77653823,185.048112,84.06212289,5.806014603,Cabai Besar
28.54029582,199.6225815,83.03617983,6.477179923,Cabai Besar
28.6379694,183.9684036,83.64518412,5.840129108,Cabai Besar
28.91466684,189.6246282,80.92849848,5.680354726,Cabai Besar
28.85317554,187.4697535,80.96066695,5.608450719,Cabai Besar
27.96874986,198.0431799,84.07818964,6.313445546,Cabai Besar
27.20738864,187.9491596,83.18750399,6.03538778,Cabai Besar
26.08322261,197.3426626,83.79473761,5.898594536,Cabai Besar
28.67565712,193.8188934,82.80375816,5.651520075,Cabai Besar
26.18621802,186.4105266,80.24873978,6.30780423,Cabai Besar
28.91041431,198.3036096,81.77233611,5.55097407,Cabai Besar
28.10520443,197.2966126,84.94671767,5.839929607,Cabai Besar
27.61494058,192.8333255,80.93171518,5.897226389,Cabai Besar
27.427223,184.5726757,82.17257626,6.234099835,Cabai Besar
28.71016614,197.4412009,82.76381341,6.072720021,Cabai Besar
26.81935704,187.619541,82.00301071,5.917927347,Cabai Besar
27.00259703,181.5097256,84.88138708,5.629718808,Cabai Besar
27.97583248,185.2601135,84.74971945,6.015854187,Cabai Besar
26.32111102,188.1298989,83.81302468,5.880689331,Cabai Besar
26.15032252,193.3334664,83.69701439,6.463433936,Cabai Besar
27.01917886,186.5840644,84.95344554,6.434390828,Cabai Besar
28.89115762,195.6884882,80.78723159,5.915516962,Cabai Besar
26.84094254,196.1179428,80.62882611,6.33247926,Cabai Besar
28.4456431,193.2697849,84.83316442,6.29385709,Cabai Besar
28.27298896,184.5514401,83.13838129,6.400996799,Cabai Besar
27.4769848,195.7695702,80.77539076,5.676957647,Cabai Besar
26.76295783,196.6810039,83.55740103,6.3419719,Cabai Besar
26.22595758,183.5220831,80.60066902,5.942500367,Cabai Besar
26.99590982,197.4199315,83.65218505,5.817038309,Cabai Besar
27.62249679,181.6694527,84.32207024,6.072128679,Cabai Besar
28.82409618,183.685458,83.59745718,5.5761439,Cabai Besar
26.28117225,181.3559143,80.68836292,5.866341734,Cabai Besar
28.61478446,184.5761578,80.50858869,5.696998418,Cabai Besar
28.87452996,197.0874568,81.11575936,6.01682745,Cabai Besar
25.88331399,215.6634511,71.66196217,6.714983368,Melon
26.92851469,218.9092043,72.55990879,6.680478496,Melon
26.51509118,202.1338921,71.70747878,6.859712263,Melon
25.49535974,215.6618528,72.92942001,6.622404805,Melon
25.55331648,212.291218,73.65802187,6.125761349,Melon
26.25578956,204.2261743,72.58511059,6.105553426,Melon
25.48747921,214.4759172,73.4652938,6.086338344,Melon
26.46786403,203.7004073,74.18199102,6.984010462,Melon
26.68822388,210.4467383,74.93898563,6.89340568,Melon
26.67422447,201.02901,71.32355761,6.197688668,Melon
26.59404217,211.4495331,74.48888948,6.103897543,Melon
26.54271953,213.169663,71.79526425,6.09110253,Melon
26.89932716,204.9212519,74.50879933,6.261503002,Melon
26.24877119,201.0567815,70.1974574,6.15965249,Melon
26.23109359,204.0202835,71.63359785,6.41646872,Melon
26.88584693,210.4262889,72.88019095,6.502493848,Melon
25.84610305,204.5825759,71.19855759,6.834043194,Melon
26.06825086,200.2680102,72.72970956,6.476231967,Melon
26.80842595,215.7373384,70.4502143,6.38073263,Melon
26.89481989,213.052467,70.79665933,6.945245047,Melon
25.61000509,208.0218018,70.29323825,6.07404327,Melon
25.89231986,213.3924006,72.52287251,6.510801633,Melon
26.52200532,201.4551024,70.44545722,6.270867479,Melon
25.51589347,217.4899011,71.89154973,6.105032231,Melon
25.05492769,217.5946018,73.7993886,6.448340179,Melon
26.86321901,200.8584041,70.79288595,6.120009459,Melon
25.48183055,211.0800288,71.04831345,6.129099643,Melon
26.68211673,203.5170896,73.90873125,6.787955975,Melon
26.34349575,204.4680968,70.60837759,6.160706146,Melon
25.86136187,205.9557329,70.66579523,6.501310915,Melon
26.10213181,206.5421085,73.44953039,6.29531486,Melon
25.90692029,206.2349966,73.4951484,6.915479845,Melon
26.59641941,200.9864032,71.77196379,6.06213852,Melon
26.71013851,203.9849484,72.65047483,6.116964824,Melon
26.73279814,209.2380625,72.70288297,6.455817066,Melon
25.08467922,217.9477036,70.29287526,6.368981621,Melon
25.60956658,205.1349349,74.40418929,6.455719907,Melon
25.62494479,200.5491509,71.26077118,6.428650297,Melon
25.64761274,215.6072894,71.80843209,6.874732444,Melon
25.79005969,203.5634869,72.27041508,6.78265797,Melon
26.07853697,212.9081404,71.83215288,6.581161173,Melon
25.31642386,206.6587072,73.589836,6.841028777,Melon
25.40832902,215.4343267,72.75635656,6.746693257,Melon
26.0968445,215.5336551,74.96778499,6.183822419,Melon
26.7934216,209.7759272,71.65949845,6.392533407,Melon
26.26163346,216.4755613,71.67234698,6.065020406,Melon
26.2083979,204.7559776,74.77241238,6.88451231,Melon
26.92667627,212.5837731,73.61091916,6.316142398,Melon
25.39856665,212.7433596,70.40146847,6.28804396,Melon
25.92163601,215.8353406,74.48505528,6.76789957,Melon
25.82389211,212.3525143,70.20298492,6.820724901,Melon
26.54983759,214.2388874,74.49036984,6.666356541,Melon
25.56069094,216.8311191,71.64157026,6.000447491,Melon
26.44951796,209.37574,73.38280679,6.764487166,Melon
25.08438766,215.3096792,70.86071434,6.247519293,Melon
26.33569035,212.0044267,73.22626311,6.503601641,Melon
26.54443084,203.5775235,71.9757055,6.552857074,Melon
25.95581386,206.8730035,74.86420668,6.64210886,Melon
25.04113597,209.7180727,73.82308369,6.001038838,Melon
26.81089574,215.7292998,70.23147287,6.377995244,Melon
25.37510819,202.3301109,71.10851004,6.63112025,Melon
25.40410389,207.9693729,70.69606868,6.001268898,Melon
25.40334354,211.6032921,70.8699261,6.341686134,Melon
25.04445242,214.9878973,74.60097701,6.635453491,Melon
26.87691113,209.7977293,74.36354398,6.715557242,Melon
26.0206586,214.8313727,74.99129813,6.870919361,Melon
26.03147855,213.1017831,70.13201563,6.96962328,Melon
26.11936889,219.2900221,73.79373476,6.173779283,Melon
25.24883743,207.5343507,74.07139155,6.710318877,Melon
25.38230152,219.5200517,72.82393644,6.031596601,Melon
26.2899816,209.499194,71.91981391,6.121271698,Melon
26.20777029,203.9576129,72.5723144,6.981904598,Melon
26.50960707,216.0025808,71.58683299,6.811832792,Melon
26.73124112,201.7836829,73.96491349,6.766251134,Melon
26.95798888,205.224186,72.1578504,6.292904104,Melon
25.91345153,212.3576699,72.41748604,6.634920973,Melon
25.91816453,214.5304355,74.21449819,6.138476529,Melon
25.45841672,218.5344187,70.56970312,6.347367422,Melon
25.24481519,218.0654645,71.92093657,6.280355634,Melon
25.65846472,218.1089175,73.70369116,6.352101971,Melon
26.35997174,209.1892809,73.59738862,6.734590431,Melon
26.8676816,211.2929863,72.19697941,6.41154739,Melon
25.45399128,207.1570594,73.4759388,6.01796691,Melon
26.39193797,213.6762464,74.71505681,6.24142894,Melon
26.72918625,216.1565699,70.62974943,6.834941232,Melon
26.20191237,208.3215109,71.57742045,6.434073873,Melon
25.53411143,202.5664264,72.7330728,6.733900204,Melon
25.50789274,205.8008733,72.34599901,6.086083371,Melon
26.11433009,200.5325255,72.35531647,6.958153015,Melon
25.38344081,201.6241131,72.18795113,6.926568468,Melon
25.96849564,202.8469956,73.25951437,6.722993386,Melon
25.54221346,209.6944272,71.73034452,6.090814226,Melon
26.32375629,209.3830366,74.78296583,6.182670023,Melon
25.08825987,207.3656306,71.24583712,6.586745402,Melon
25.20943475,203.2658996,71.47899234,6.330318479,Melon
25.74528221,217.4920261,74.90864042,6.827501156,Melon
26.27900034,205.2380757,70.80000207,6.558367668,Melon
26.66269839,214.4975263,73.14591686,6.68710584,Melon
25.31677489,203.9239235,71.30692693,6.268125233,Melon
25.40838905,216.9004646,70.08751711,6.32181829,Melon
25.56840416,190.4130484,69.82884955,6.282021141,Cabai Rawit
25.9941033,190.1607493,66.4418355,6.025948245,Cabai Rawit
26.26266502,194.7981604,69.9097388,6.162385197,Cabai Rawit
26.27639727,189.3904276,68.73996151,6.051974483,Cabai Rawit
25.21289534,192.189084,67.83383354,6.569955642,Cabai Rawit
26.27159707,181.6071355,69.69974378,6.117251148,Cabai Rawit
25.85123191,180.5330425,67.32902472,6.336544759,Cabai Rawit
25.06191737,184.7906449,67.35398038,6.465353151,Cabai Rawit
26.4389041,187.5294108,69.17062055,6.501904946,Cabai Rawit
25.35211075,185.5262483,66.32615514,6.83719076,Cabai Rawit
26.63964775,187.7267464,65.46907242,6.968223271,Cabai Rawit
26.24232979,190.1556793,68.36630077,6.454618134,Cabai Rawit
26.3207761,184.1463954,65.02885443,6.082718756,Cabai Rawit
26.31105771,192.2645627,68.63113862,6.230298588,Cabai Rawit
26.86584323,199.4493168,67.5661885,6.337038131,Cabai Rawit
26.7240872,192.7569335,66.62815182,6.319438177,Cabai Rawit
25.9412221,185.6271675,69.79524032,6.065297968,Cabai Rawit
26.7785764,189.3071524,68.2206819,6.566544357,Cabai Rawit
26.471436,190.5467134,69.5740046,6.248403873,Cabai Rawit
26.43689986,180.219952,65.40980421,6.470949484,Cabai Rawit
25.96523323,193.3216586,67.04305342,6.951512039,Cabai Rawit
26.90215487,186.625453,65.80033711,6.38754775,Cabai Rawit
26.99358153,181.4983489,69.63742999,6.418870285,Cabai Rawit
25.51757181,182.9712278,65.32137573,6.744979557,Cabai Rawit
25.05061076,185.9124386,67.8250964,6.62789908,Cabai Rawit
25.82746536,195.5610307,69.39208047,6.371660203,Cabai Rawit
25.74790318,186.9404108,65.09938455,6.737142919,Cabai Rawit
25.46521588,194.6709404,69.34690861,6.723595995,Cabai Rawit
26.93291338,189.2007886,68.57139481,6.761254333,Cabai Rawit
26.0846227,196.0538647,66.69383641,6.086414757,Cabai Rawit
26.23515095,191.6561538,66.95846478,6.178680931,Cabai Rawit
25.27599593,190.975248,65.84989538,6.277068304,Cabai Rawit
25.06306557,186.4929122,69.49779135,6.080607841,Cabai Rawit
26.36649795,181.9642639,68.63658441,6.937614008,Cabai Rawit
25.31183446,194.9482849,68.48602493,6.463427226,Cabai Rawit
25.14679128,191.0975359,69.78908404,6.875323425,Cabai Rawit
26.30854437,186.5708122,67.29957041,6.669477777,Cabai Rawit
25.91637213,191.361532,66.70847751,6.619863588,Cabai Rawit
25.19380904,198.45912,69.497175,6.850252301,Cabai Rawit
25.03137943,190.1424553,66.98867192,6.528198407,Cabai Rawit
25.44477421,191.6264207,68.61553705,6.949221515,Cabai Rawit
25.20280107,182.3269114,68.41506581,6.081941345,Cabai Rawit
26.18880868,180.6269063,69.18891412,6.93363151,Cabai Rawit
26.51901139,181.6792342,68.80375171,6.124309772,Cabai Rawit
26.90315182,185.2557734,66.37101363,6.389708341,Cabai Rawit
25.16429652,187.1227226,68.64590297,6.203929578,Cabai Rawit
25.09292995,188.1449561,69.2114013,6.67100041,Cabai Rawit
26.75058881,195.9904816,67.10827702,6.673878208,Cabai Rawit
25.11039661,186.5181369,69.01035159,6.511527858,Cabai Rawit
25.14441823,188.4351582,68.51125646,6.218540543,Cabai Rawit
26.76814576,194.5622642,68.34378345,6.483613985,Cabai Rawit
26.90891314,191.2087533,69.53893992,6.434000036,Cabai Rawit
26.85364949,183.9705319,68.22928227,6.597306289,Cabai Rawit
25.8312354,183.7396433,66.65740189,6.713050683,Cabai Rawit
25.97132668,183.2781322,68.56309137,6.845221,Cabai Rawit
25.0344232,189.4326666,68.75287331,6.823798994,Cabai Rawit
25.92876929,185.7269018,69.71045247,6.781382908,Cabai Rawit
26.77130306,186.0448131,68.50649313,6.033389347,Cabai Rawit
26.11724676,193.5206263,67.15795755,6.484591698,Cabai Rawit
26.60428986,181.8868582,68.66155595,6.074019445,Cabai Rawit
26.1898275,192.9492627,67.84914122,6.662356258,Cabai Rawit
25.66449245,198.0439096,69.46503514,6.699569167,Cabai Rawit
25.9625089,193.5292486,68.71652121,6.883348959,Cabai Rawit
25.11302512,180.6653717,66.04175299,6.786677655,Cabai Rawit
26.78113635,190.3879201,69.93959922,6.136758441,Cabai Rawit
26.69963676,199.3436893,68.52102768,6.321008671,Cabai Rawit
25.13683305,199.7239028,67.05615782,6.758129198,Cabai Rawit
25.0190363,199.5510408,66.70047894,6.761141729,Cabai Rawit
26.98062046,196.9773587,68.39352462,6.996451958,Cabai Rawit
26.66295381,195.1031625,67.67134655,6.935199553,Cabai Rawit
25.60121221,190.0500488,68.66830895,6.50211598,Cabai Rawit
26.0747745,196.7217329,65.6415016,6.763924075,Cabai Rawit
25.90836965,191.1251027,66.55542232,6.48962524,Cabai Rawit
25.43302574,189.6311183,67.15109181,6.497497041,Cabai Rawit
26.5317777,182.906901,69.47901886,6.654227125,Cabai Rawit
26.15135224,186.2155014,67.88782515,6.365792572,Cabai Rawit
25.10505626,195.9075641,67.87287184,6.385835384,Cabai Rawit
26.71195709,183.727501,66.6789879,6.018453901,Cabai Rawit
25.59100704,198.1519646,66.69214898,6.337091532,Cabai Rawit
26.44122541,188.78175,67.10861677,6.755822946,Cabai Rawit
26.93203089,190.5813948,68.29273807,6.809103308,Cabai Rawit
26.41129839,199.8732771,69.09142686,6.003730816,Cabai Rawit
25.35089585,182.339845,69.23473494,6.97783253,Cabai Rawit
26.63515874,198.7308227,67.93516156,6.605147665,Cabai Rawit
25.03571052,194.7184742,68.39550472,6.489662089,Cabai Rawit
25.71334222,193.7068189,65.2645105,6.237011102,Cabai Rawit
26.36269311,186.5249124,65.29503948,6.154041978,Cabai Rawit
26.92467305,193.503277,67.52847853,6.029772472,Cabai Rawit
26.31700738,190.1439221,68.01489859,6.648635582,Cabai Rawit
26.40754727,191.7028008,65.24955641,6.843909263,Cabai Rawit
26.90922031,181.5318036,65.7484375,6.767717425,Cabai Rawit
26.28025755,196.1207559,69.40813382,6.99427514,Cabai Rawit
26.41882208,196.2135726,67.42774948,6.064290677,Cabai Rawit
25.90112572,192.3402732,68.7631427,6.759356336,Cabai Rawit
25.82099142,192.569001,66.57175902,6.855487687,Cabai Rawit
26.07519955,183.7169703,67.75255297,6.416575858,Cabai Rawit
26.20101889,189.8678386,66.23151797,6.562610245,Cabai Rawit
25.66992983,192.054568,66.92063503,6.449184297,Cabai Rawit
26.99146599,181.501553,67.49355443,6.775469977,Cabai Rawit
25.2427656,191.8085693,66.22917263,6.938230177,Cabai Rawit
23.60136489,150.8861914,25.15298837,5.842635822,Tomat
20.97132655,174.4836276,28.36400941,6.166303823,Tomat
23.60080363,150.4939709,27.21689311,6.543811869,Tomat
21.31036235,141.118383,25.94883568,5.623382336,Tomat
21.42406099,151.6360296,26.95405927,6.708678955,Tomat
23.12770354,171.8105558,27.36944162,6.039192699,Tomat
23.97092584,168.7795924,27.51236222,6.83397526,Tomat
22.45951168,155.5766959,27.74957415,5.992271476,Tomat
21.26706455,172.7954682,25.23778592,6.303057577,Tomat
22.48489361,151.5860874,27.2631944,6.409108843,Tomat
21.0814871,179.6861831,27.68776817,5.804269788,Tomat
23.50334017,148.5762416,28.93614851,5.660560735,Tomat
23.61084156,143.4657713,29.44708167,5.994364754,Tomat
22.67845632,145.7174783,27.9406929,6.536752862,Tomat
23.76629418,153.2929236,27.13674247,5.925690496,Tomat
22.56812504,177.6449563,29.47685217,6.178156389,Tomat
21.07739917,170.486747,25.08114126,6.756038167,Tomat
21.4626638,169.1715078,28.27176628,6.860391286,Tomat
20.74107841,168.0628037,27.36291934,6.512444654,Tomat
22.7910591,156.8036099,27.32166321,6.329668006,Tomat
20.28086066,153.8761199,25.71800505,6.714034637,Tomat
22.0099065,169.1238488,27.34968792,5.64194977,Tomat
23.14849658,150.83228,25.66369146,6.158378953,Tomat
23.42319737,175.9367201,25.97241554,5.762741002,Tomat
20.09817752,162.2805809,27.32875082,6.661269758,Tomat
23.111457,168.471899,26.50379869,6.663002177,Tomat
23.66148192,160.9774062,29.00597551,5.617581526,Tomat
20.14012287,164.7011903,25.51718335,5.759750771,Tomat
21.58959204,167.6648029,27.93616128,6.960043604,Tomat
22.48886481,155.1557775,26.86738535,5.988314952,Tomat
21.61900267,163.3084469,29.71476053,6.081958302,Tomat
23.10703711,176.423994,27.65661931,5.932634069,Tomat
20.25422003,167.7567814,27.43654604,6.068211931,Tomat
20.8881142,150.4758078,26.40991461,6.614721324,Tomat
20.40684686,153.5012584,25.44658332,5.739607153,Tomat
20.11776852,166.5410598,29.12545315,6.355004871,Tomat
22.17686037,148.8865504,29.46344977,6.010306353,Tomat
21.22345009,164.491246,26.46837193,6.11711645,Tomat
23.04698531,177.1757545,25.9058398,6.757572371,Tomat
22.74807758,168.0741684,25.36646341,6.976731133,Tomat
23.54621181,155.5427982,29.87175271,6.9251802,Tomat
20.27569382,144.7881605,25.43479083,5.928497073,Tomat
20.28282615,177.8235265,26.68035049,6.667891355,Tomat
22.75431211,157.6420487,27.91596298,5.839267018,Tomat
22.71849863,174.8544206,29.17145402,6.250102681,Tomat
22.89938095,178.7985372,28.62155329,6.316903601,Tomat
22.96912812,146.9664487,26.18575904,6.416215679,Tomat
23.40886688,164.8674832,29.14318164,6.417622095,Tomat
23.38705367,140.7995148,27.32626018,6.966957111,Tomat
21.1747615,159.2132843,27.07639617,5.680703273,Tomat
23.39327972,143.4762716,27.37192859,5.541815979,Tomat
20.82374833,179.5501852,27.35761025,5.677837761,Tomat
22.81680062,142.2270344,25.65787771,6.567147247,Tomat
21.87163248,157.3142647,29.49564135,5.901511431,Tomat
21.24669523,142.665315,28.72670541,5.693791831,Tomat
20.58786375,171.6581048,26.82510366,6.314823561,Tomat
21.00152434,171.0220229,27.23381051,5.653579658,Tomat
23.26284165,151.2613054,29.22289979,6.241732476,Tomat
21.0277488,141.4862027,29.65092553,6.609610262,Tomat
21.33526114,152.5678052,28.38745277,5.818579284,Tomat
23.24779993,166.3032189,28.26158117,6.408122619,Tomat
21.80360592,141.0306142,29.90532042,6.245323592,Tomat
21.24677206,141.5838861,26.31588154,6.439600392,Tomat
22.80825993,152.1781144,25.15785092,6.716328695,Tomat
22.37149821,143.9247589,29.41512978,5.553405505,Tomat
21.71469683,164.6293404,26.20347301,6.671559839,Tomat
20.85458032,158.3692978,25.46395545,5.574228719,Tomat
20.85579985,160.2667802,26.87953781,5.513776579,Tomat
20.66885806,162.2819986,27.46925321,6.507402994,Tomat
22.89464525,150.8960735,28.2590503,5.519901094,Tomat
22.12384565,150.7978319,29.02617116,5.761321906,Tomat
22.09629094,175.0644526,28.90549143,6.246186192,Tomat
21.26067986,160.4174387,29.25983135,6.121683109,Tomat
23.52784958,164.8774403,26.88979903,6.690535895,Tomat
23.79835773,169.6784367,25.37392684,6.924383231,Tomat
22.28054849,148.6476303,27.11571841,5.845729651,Tomat
20.04050892,160.0744097,29.97594267,6.768696775,Tomat
20.92456111,179.4632171,28.9564384,5.729968244,Tomat
22.08071345,175.0283531,25.87588982,6.751366095,Tomat
22.95338545,141.9716397,27.41015548,5.972646441,Tomat
22.33445309,178.9728345,28.66738786,6.83648897,Tomat
22.72463609,179.3018294,26.24228678,6.436032181,Tomat
22.24870307,160.6770773,28.75016231,6.91003433,Tomat
20.20959606,161.8080152,27.07241354,6.808229524,Tomat
22.90790402,154.7654753,25.7325081,5.673516038,Tomat
21.10765022,146.5830269,28.25520599,6.098252338,Tomat
21.67554412,177.2139953,27.72329946,6.133079118,Tomat
23.71733546,160.2894499,25.24676188,5.762413593,Tomat
21.39376848,161.8857985,26.81345872,6.079052337,Tomat
20.92208461,160.5244299,29.54674423,6.638870322,Tomat
22.7073509,179.5584856,25.93117474,6.402286268,Tomat
22.87217799,162.8900715,28.64272189,6.912175353,Tomat
21.56727945,154.9754816,26.40148758,6.680077055,Tomat
23.78599665,158.7931137,27.10984135,5.625957106,Tomat
22.53522911,170.5959612,27.37803718,6.218861331,Tomat
20.78671621,156.4499033,29.0257408,6.102057999,Tomat
22.34262136,175.2739601,29.19000086,5.975559512,Tomat
23.1998397,155.1955679,25.53264698,5.567622804,Tomat
22.62492437,158.6923098,29.17032526,6.152136516,Tomat
23.25385163,142.5981991,26.8234808,6.470142635,Tomat
21.07451568,256.5640055,71.95753052,5.830952603,Kentang
23.01997431,239.3625831,73.87003328,5.588166348,Kentang
24.63241799,230.7497909,74.75061115,5.803721425,Kentang
23.96535728,252.5700498,72.29715332,5.863483688,Kentang
24.77234482,245.5026781,70.56242895,5.72787486,Kentang
22.30625308,240.6841457,72.07438218,5.770154227,Kentang
22.96285614,246.1499338,70.93642437,5.747016282,Kentang
23.38969337,236.5282484,73.45450288,5.615755165,Kentang
24.81452285,248.2645118,72.0474832,5.841974748,Kentang
23.94506201,242.1886959,70.11736085,5.721748813,Kentang
24.87055303,249.7645116,74.48541676,5.909852299,Kentang
23.54109893,256.5190725,72.61679667,5.973521424,Kentang
21.02356436,225.3238841,72.04562959,5.816991032,Kentang
22.45103004,235.9427324,73.98633459,5.519225379,Kentang
24.20488814,229.1014239,74.18987403,5.526439243,Kentang
21.31521331,259.4646361,73.39307841,5.795019443,Kentang
22.60131602,230.9571611,70.41347743,5.811944277,Kentang
23.2902516,229.9071528,72.16950715,5.613863559,Kentang
22.18302447,237.7516,73.41846593,5.774055381,Kentang
24.6019154,244.5058814,73.50130182,5.527248823,Kentang
22.17688372,226.6475096,72.40613249,5.55210029,Kentang
24.25792231,225.8808129,70.86952587,5.749868538,Kentang
23.12427757,244.692648,74.25638981,5.577315326,Kentang
21.55313254,236.5589882,72.08498588,5.536605027,Kentang
21.19156711,232.1864738,73.6635948,5.545376474,Kentang
23.0982555,245.1778156,70.05339938,5.744878031,Kentang
22.39996486,232.382263,74.94217136,5.590787121,Kentang
23.99296432,239.3422509,70.85780377,5.821806132,Kentang
22.75083754,230.7109976,73.07014188,5.746574001,Kentang
22.00755728,247.8813378,74.019951,5.675344312,Kentang
24.80715213,230.4582765,71.67828222,5.994742643,Kentang
23.84063861,244.8246081,73.7165749,5.937797543,Kentang
24.50018935,245.9855772,71.14343269,5.869294123,Kentang
22.59008635,244.3934317,73.59027991,5.637893483,Kentang
23.87453626,237.7385057,71.83381712,5.57851319,Kentang
23.42779544,233.4824622,73.93545216,5.684901244,Kentang
23.79464152,247.6051216,70.25792358,5.930602544,Kentang
24.06840002,259.7817698,70.09709821,5.90567892,Kentang
21.28256981,241.871476,70.75541362,5.620678463,Kentang
21.33153472,238.0838352,74.40489521,5.516566329,Kentang
22.98654848,255.1022188,71.29861921,5.984880928,Kentang
21.84331836,257.7724626,71.47334712,5.789828894,Kentang
21.88585211,241.9937163,72.8939064,5.586411114,Kentang
23.59110849,242.491993,73.66154372,5.563057381,Kentang
24.61363152,243.8327671,70.78977234,5.76287574,Kentang
22.14006844,233.0659808,74.74669868,5.630916089,Kentang
22.18824509,257.939759,74.44872837,5.930979338,Kentang
24.45671363,228.958704,71.12097005,5.779110199,Kentang
23.29904111,229.1582379,71.92034309,5.597678716,Kentang
22.53021617,259.6595685,74.12544373,5.578420159,Kentang
21.66179717,239.2637836,72.44796391,5.612210779,Kentang
23.85589746,242.9538913,70.73053802,5.719248695,Kentang
24.62690408,228.4861052,71.16435581,5.697100283,Kentang
24.53333522,225.2188479,72.53555145,5.752566659,Kentang
21.35308439,239.8157787,73.99356113,5.512813099,Kentang
22.17175576,248.6333366,70.93692206,5.956196759,Kentang
23.29240349,245.301931,74.71111422,5.687960107,Kentang
21.24336797,259.2165692,74.32103062,5.829942191,Kentang
21.39608148,249.74365,70.49150344,5.630379614,Kentang
22.00348676,251.4089069,70.43176324,5.730193935,Kentang
21.13661548,259.8615218,73.9221719,5.743513123,Kentang
24.17310268,247.7873796,73.85530214,5.678567485,Kentang
24.25695747,251.4999491,74.59069464,5.931298777,Kentang
24.94536878,242.2418486,70.87546217,5.629885474,Kentang
22.45267966,244.3817852,70.36092233,5.805183759,Kentang
23.70597369,237.3408901,70.18022881,5.963090578,Kentang
24.3501735,252.0359414,72.97610947,5.558532646,Kentang
23.30618247,225.4392402,71.77405035,5.602557212,Kentang
24.14812728,258.1100301,74.24474217,5.713269451,Kentang
22.56108132,244.3327826,72.19986448,5.873700205,Kentang
23.24812599,240.4900315,72.3422164,5.823850529,Kentang
21.81646216,225.2578283,72.39199266,5.763602851,Kentang
23.71799974,248.5516474,70.91126844,5.616392598,Kentang
24.02969815,245.7344688,74.15059919,5.509905821,Kentang
22.54099618,247.258803,71.35531357,5.96025921,Kentang
21.24376227,242.348006,73.52078826,5.763451156,Kentang
23.13909507,230.3622223,73.64180346,5.612000088,Kentang
24.2163144,231.8532589,74.32970586,5.52732799,Kentang
22.94898008,235.8417608,74.79336168,5.770167765,Kentang
23.59558756,249.5387596,72.05846681,5.787618465,Kentang
24.60183464,256.08939,70.95223032,5.952420203,Kentang
22.69976238,233.3832334,70.91311271,5.618959091,Kentang
23.74649426,251.1812383,71.27057221,5.941098539,Kentang
24.7556323,245.9060319,73.22941415,5.516097895,Kentang
21.11250047,234.0944442,72.56789007,5.938808459,Kentang
21.79219491,237.2355848,74.18023264,5.69657972,Kentang
24.4157024,250.5758168,74.86263872,5.914553517,Kentang
21.63950998,259.3477759,74.1346299,5.629434518,Kentang
22.957842,242.4879207,70.07972999,5.939177319,Kentang
22.50199028,248.2066254,73.86443435,5.595076011,Kentang
24.18197103,254.5326328,72.01238499,5.733083867,Kentang
24.99289731,229.2148173,74.81205399,5.853733875,Kentang
24.49349054,235.3805868,72.96802406,5.756999064,Kentang
22.5053392,241.4119937,71.35433881,5.513803672,Kentang
23.83374045,244.3311509,73.53939144,5.961926421,Kentang
23.21360102,249.9432152,74.93044865,5.809064935,Kentang
24.61592831,225.2502522,73.35231782,5.623901983,Kentang
21.77286613,233.6332721,71.57553548,5.824852599,Kentang
21.35509631,236.666921,74.71405445,5.739157604,Kentang
21.68472418,237.4368247,72.55988577,5.912723921,Kentang
16.24630436,188.8721359,84.93892776,6.94214501,Kubis
18.59672104,182.9136433,81.66171445,6.579476677,Kubis
17.87678017,192.5869934,82.17985806,6.580563974,Kubis
15.10498572,186.9063267,83.90276593,6.795385336,Kubis
17.04394386,180.5559765,81.66279899,6.675883216,Kubis
16.21513784,180.7432684,80.1971418,6.201169924,Kubis
18.59781061,189.5686679,80.72928513,6.234049927,Kubis
15.78258694,195.5734833,82.87627047,6.663376257,Kubis
18.87244028,191.3433671,81.6820316,6.336038319,Kubis
15.4461244,183.6965508,83.66900514,6.072465981,Kubis
16.47233997,195.258209,82.15735161,6.498603162,Kubis
15.78597644,191.1159487,82.89102652,6.336615957,Kubis
17.56836109,182.2972214,80.0737242,6.716416776,Kubis
15.77329505,196.4325666,84.5538352,6.38926163,Kubis
18.80271119,196.7047665,83.56332471,6.382970987,Kubis
15.06589726,191.3256028,84.66800073,6.968824086,Kubis
15.59083871,182.9462137,81.71484639,6.526287808,Kubis
16.63155882,187.3211388,80.8706427,6.30254671,Kubis
16.38564347,194.8425514,82.85344474,6.302247333,Kubis
17.20432923,189.7118676,81.81057329,6.413585041,Kubis
18.46317124,190.4859951,83.54738817,6.439051901,Kubis
16.99842401,183.5941913,80.84013894,6.290684992,Kubis
15.84356451,192.4381927,83.75781243,6.214220032,Kubis
15.94220195,194.8313889,83.21589318,6.018805059,Kubis
17.49798718,194.129493,81.68457269,6.253136544,Kubis
18.10590072,184.970057,82.30709551,6.269310637,Kubis
17.37513474,197.4580849,80.72104947,6.827713433,Kubis
15.13833214,188.0346127,81.85637471,6.68678845,Kubis
17.81780902,180.7113388,81.05446245,6.576198636,Kubis
18.31188505,188.369062,83.68533521,6.333903048,Kubis
16.96925768,195.1650872,84.73350631,6.437033011,Kubis
18.88321672,183.9004217,83.94306165,6.764810048,Kubis
18.37340135,189.3093141,80.06508668,6.320418488,Kubis
17.1116337,181.9740136,84.20198206,6.876484661,Kubis
18.70243586,190.6199622,83.20979266,6.975190806,Kubis
16.83310632,197.2865295,84.16591822,6.635796963,Kubis
16.91760221,188.0804406,82.03636782,6.862174965,Kubis
17.9438729,180.5325618,81.93093477,6.030533319,Kubis
17.99457812,194.3788421,80.97017684,6.647665708,Kubis
18.99151939,180.7776976,83.29644476,6.067109316,Kubis
16.98066107,197.5463506,81.01274874,6.27113339,Kubis
16.08258623,185.9423291,83.77830354,6.876133547,Kubis
15.40334232,197.2521185,81.03065887,6.150674011,Kubis
15.59941652,190.6277335,82.25625345,6.322416948,Kubis
18.38556851,187.1128972,83.88669372,6.900133937,Kubis
15.54620157,182.2486541,81.23015478,6.262457618,Kubis
16.22272961,193.4247662,82.26609579,6.575330116,Kubis
15.28166348,190.7993411,80.00910024,6.37725115,Kubis
18.6047488,188.9949321,80.80922455,6.897501833,Kubis
15.77942319,191.4408574,84.71281916,6.877278757,Kubis
16.25902789,198.1364174,82.58756413,6.9544229,Kubis
15.88097061,180.8390483,80.30267445,6.219329101,Kubis
16.82567297,197.2504136,83.13992452,6.589113899,Kubis
16.68518301,195.8806054,83.62711212,6.795170689,Kubis
16.75757949,184.954171,84.68759572,6.310798068,Kubis
18.13973288,187.9099403,83.12330447,6.684408956,Kubis
16.41840108,181.7328537,84.5615837,6.549849069,Kubis
17.80852992,183.3971306,82.87861357,6.50015324,Kubis
18.35291417,199.9552595,81.35924563,6.114187171,Kubis
16.00171948,180.7732929,82.17570834,6.563775972,Kubis
15.17404338,184.6255983,84.47126638,6.280793063,Kubis
17.87336385,193.2959808,84.44941529,6.253184145,Kubis
17.01981031,192.4089048,80.67206213,6.524434308,Kubis
17.50526271,195.513571,84.54730088,6.60634597,Kubis
15.90647845,198.2992311,83.9432225,6.16568284,Kubis
18.96111403,196.5117832,84.15577238,6.28054783,Kubis
15.04389484,180.6500969,80.54444442,6.991174698,Kubis
15.64267428,198.6038865,81.43702331,6.476137002,Kubis
16.20808206,194.7867531,84.8095453,6.705624184,Kubis
16.30310484,188.4756048,84.93432208,6.058503404,Kubis
18.21735232,185.2297095,80.41579143,6.165306181,Kubis
15.64578612,186.9435239,84.18173357,6.36961743,Kubis
17.99677601,197.4205149,80.53710087,6.304302715,Kubis
16.72132603,197.1939797,81.14380718,6.27797406,Kubis
15.81459918,186.2102271,82.32144973,6.62382148,Kubis
15.07235591,190.4088531,83.24430838,6.564532819,Kubis
16.07083931,191.5041274,80.97401815,6.754995948,Kubis
16.03139853,193.9018599,82.16924562,6.058244812,Kubis
16.63920092,190.0477633,80.4330368,6.694626861,Kubis
17.24617354,189.3260883,80.44012291,6.726693127,Kubis
15.58566931,190.3662929,82.83459352,6.125469255,Kubis
17.78222823,182.9510039,82.8288728,6.628268593,Kubis
15.78073597,190.9387138,83.62075165,6.90212951,Kubis
15.10040286,198.0718363,80.55536582,6.30036932,Kubis
15.44907365,195.1227209,84.93102388,6.367564962,Kubis
17.40475519,186.7968492,80.86848733,6.502432734,Kubis
18.03344261,191.0475885,80.40662674,6.362481224,Kubis
15.93180591,185.5841259,81.6146558,6.288352992,Kubis
18.43435227,191.7795345,81.47019077,6.490904479,Kubis
17.7868563,194.4621716,80.68090384,6.208627899,Kubis
17.85433579,189.8407873,82.5724713,6.458192856,Kubis
18.84508688,187.1358333,84.62856213,6.359601735,Kubis
16.44665414,183.9024088,80.99697151,6.015985948,Kubis
16.73215856,192.9311797,81.68998569,6.241591229,Kubis
15.92439332,183.7344364,81.60689251,6.033588743,Kubis
16.33880014,195.0102552,84.19631512,6.151547682,Kubis
15.09786459,188.0055837,81.51091171,6.473595439,Kubis
15.95907329,190.0624022,80.31516312,6.051907318,Kubis
17.54803625,197.2177951,80.36117874,6.573940836,Kubis
17.45119433,194.6522989,81.75382421,6.847891443,Kubis
18.89223779,158.9466553,80.12566498,6.189711868,Kopi
19.57074237,153.4400782,73.28192107,6.128411958,Kopi
20.14417012,177.7196538,80.07593994,6.415171093,Kopi
19.51443509,188.0478258,75.00515152,5.914910404,Kopi
20.00451948,165.1140794,87.12093209,5.870629991,Kopi
16.81920268,165.7566595,72.97957668,6.192923345,Kopi
19.59245157,183.4360264,82.91253363,5.966901785,Kopi
19.55965113,159.7270359,85.31397613,5.915149408,Kopi
18.94118154,171.6478274,78.33234188,6.154468592,Kopi
17.68189457,196.9931029,71.50015721,5.500871693,Kopi
19.36636696,154.6186538,77.02436643,6.324733044,Kopi
20.64911061,162.9949458,86.6606021,5.96895995,Kopi
18.10260208,154.7523008,79.82375849,5.842931163,Kopi
19.60830427,167.5693082,86.10436405,5.937757985,Kopi
18.179609,163.6356671,81.07785099,5.979661739,Kopi
17.66238996,155.2407986,72.92821811,5.981396047,Kopi
20.6236503,188.862258,82.52383412,6.32410812,Kopi
20.64021518,169.92637,80.4863742,5.716761478,Kopi
20.75555806,194.9453519,77.92569669,5.59718301,Kopi
17.49878169,177.5105916,83.22741538,5.683537288,Kopi
19.56991414,179.7235075,82.26894327,5.771780927,Kopi
16.87628098,179.5373851,74.8258435,5.849169298,Kopi
20.62157648,161.5994238,83.700825,5.622167799,Kopi
18.13722002,186.4090892,85.24217525,6.325173285,Kopi
18.21440889,167.0275465,75.79198097,6.289556758,Kopi
18.4882687,173.7502961,74.59848883,5.737014751,Kopi
16.76897375,197.7373721,84.88796071,5.543429556,Kopi
18.37784987,159.4286099,75.39086566,5.920302782,Kopi
16.00091815,152.1847546,84.54626847,5.918720062,Kopi
19.0510703,150.1079033,84.07971331,6.346341723,Kopi
16.3340736,192.6015854,88.96735246,6.183633329,Kopi
17.13736883,181.9537425,70.93178396,5.865325505,Kopi
20.28154705,172.6702564,74.77889875,6.139750063,Kopi
17.57031912,198.5601241,71.6135082,6.27217642,Kopi
20.31494956,164.5597175,78.26875968,6.203513927,Kopi
19.03649983,181.0025513,72.15833828,6.278766486,Kopi
16.74906969,197.4867584,76.98369402,5.557673241,Kopi
20.13715941,155.6407245,70.56461622,6.212341162,Kopi
18.72289433,172.1475742,77.50114644,6.012892625,Kopi
20.86773475,186.8789711,74.04793901,5.938043171,Kopi
19.36798382,185.8367004,85.5112825,6.387056524,Kopi
20.38627228,191.9173618,84.0135886,5.829435571,Kopi
16.37688544,178.174696,78.26439434,6.407292823,Kopi
16.39384301,167.4276306,87.38753706,6.461193859,Kopi
19.95389754,169.6608537,84.54550779,6.304477627,Kopi
20.48967524,153.5967417,84.58541818,6.071360247,Kopi
19.41452456,180.5372521,87.57304785,6.197280705,Kopi
19.27409217,170.1462087,75.15066067,6.415542129,Kopi
19.16233424,182.1449334,77.46323899,6.219367089,Kopi
19.69824433,197.7960966,85.45271099,5.508324096,Kopi
20.12137914,169.0744278,87.99297403,5.59653878,Kopi
17.64843208,153.2011512,77.58286178,6.493729816,Kopi
20.4121769,181.844487,70.15294251,6.482340546,Kopi
20.19862601,181.0130542,71.7826418,5.730972001,Kopi
18.95370943,151.3105119,87.3956966,6.241485833,Kopi
17.80493363,153.544615,74.71617634,6.312634736,Kopi
17.47867605,187.0139934,70.35112301,5.998720135,Kopi
20.49988829,192.5999437,81.75638476,5.689350411,Kopi
16.90764109,158.3482574,83.46079002,5.804782835,Kopi
16.97496067,195.6844415,79.57839643,6.323689457,Kopi
19.89135165,169.3115419,73.29855508,6.02359937,Kopi
18.67464557,199.7843376,81.17356159,5.541207583,Kopi
18.07191286,194.2638914,73.88009704,6.451479149,Kopi
18.57316565,169.4869554,74.62344569,6.46835819,Kopi
16.01288649,187.4275755,88.61529005,5.903314943,Kopi
20.81169961,188.2722125,83.97622184,5.644282454,Kopi
20.58498675,158.0915619,72.04898772,6.392671577,Kopi
20.18878078,158.6875294,86.47129588,6.17781895,Kopi
18.83518703,187.6019676,75.36960363,6.407237917,Kopi
20.92222334,197.7423538,70.58953455,5.727564576,Kopi
18.42313884,155.3164675,77.41674484,5.979794942,Kopi
18.17001451,158.3062343,79.58029287,6.332325201,Kopi
19.6219197,150.6084723,76.77286992,5.814424695,Kopi
17.52573111,189.0246184,80.01431577,5.80575612,Kopi
19.32150091,161.2111696,71.25209492,6.144975078,Kopi
19.52562823,186.5900659,85.05927124,5.560055664,Kopi
17.68055989,163.4685291,72.63206966,6.114251604,Kopi
16.94267981,175.8813829,80.02330097,5.977381081,Kopi
18.94624158,154.7402568,84.97709311,6.274209999,Kopi
20.35006529,195.2046661,70.91759705,6.452398771,Kopi
16.55499967,190.252062,81.36603249,5.520606599,Kopi
18.22988818,184.1189047,81.43344718,6.425660881,Kopi
16.50383789,170.1202035,84.44891237,6.286595708,Kopi
16.74754747,163.3205242,72.48841087,5.801673052,Kopi
17.66752199,169.1804382,77.51085122,5.652611452,Kopi
20.60816592,185.9695147,73.29534044,6.230341829,Kopi
16.65085778,177.0027132,80.79558091,5.633542349,Kopi
17.96452749,199.0073088,75.23973799,6.13934915,Kopi
19.95089008,161.0088113,72.89763401,6.190841785,Kopi
18.29514055,152.6595032,88.89759349,6.477436407,Kopi
17.46665239,192.8145303,84.5199252,6.172602978,Kopi
17.85750385,158.3703228,84.02451251,6.286483583,Kopi
18.33622948,160.0203551,72.57216773,5.877372135,Kopi
17.53068055,172.4551679,70.88933365,5.931918257,Kopi
16.25574436,164.3706659,80.86491427,5.753953779,Kopi
16.869405,192.4388574,79.78567967,6.195176442,Kopi
18.12002964,151.8855848,87.32226876,6.109457625,Kopi
19.07209772,181.8346169,79.51075359,6.144539708,Kopi
18.83623404,167.6899726,73.348839,5.800863213,Kopi
16.68210213,190.4506937,74.96946836,6.438081184,Kopi
26.05488188,145.6701709,82.30862473,5.150173625,Padi
24.65825066,158.0592822,84.58776554,5.046041628,Padi
24.7537112,155.8920932,82.00077284,5.126194685,Padi
24.07653742,152.8903884,84.83781908,5.044247499,Padi
25.36949885,129.9858213,80.75580706,5.172857238,Padi
23.16002323,149.7919761,83.39025581,5.339471556,Padi
24.8291228,137.0866133,80.483236,5.221040224,Padi
24.44183006,128.0955337,83.4473868,5.134062398,Padi
25.98423804,154.3192859,84.6255626,5.118251028,Padi
25.70129324,164.9639396,80.10230287,5.051968761,Padi
23.68890615,133.1992485,81.9423431,5.052699009,Padi
25.02577976,158.018846,82.61577127,5.020640561,Padi
26.13485599,159.9526678,80.75877455,5.485899666,Padi
25.75256994,155.7291698,82.62508386,5.375922659,Padi
25.01203154,154.9764337,83.37865866,5.116947695,Padi
23.05859985,144.2020987,83.43572955,5.466493085,Padi
24.45322348,149.4068312,83.65367963,5.129827473,Padi
23.67503243,135.7499442,80.61334143,5.356083035,Padi
24.25468982,163.4098335,80.57491434,5.390737864,Padi
23.84229092,151.0919923,81.89126555,5.21424312,Padi
26.22399232,150.5350523,81.98176365,5.403290624,Padi
25.18742191,162.2727031,81.846662,5.14729501,Padi
26.35378223,127.2761125,80.7676533,5.478622417,Padi
25.75416848,128.2296128,81.01602973,5.176082634,Padi
24.16852107,164.0351077,84.8498551,5.17351526,Padi
23.15941633,141.9019512,80.49758492,5.101208976,Padi
23.58124994,136.743915,82.97900681,5.275388826,Padi
24.28033218,165.6824119,83.63985088,5.058125759,Padi
23.97634887,150.4161752,84.01782098,5.229850812,Padi
23.70967837,144.7506438,82.76674609,5.099737743,Padi
26.3746767,129.634092,82.44424653,5.477512133,Padi
23.74942793,138.5142129,83.94603495,5.367112212,Padi
25.19992564,160.436407,81.42241832,5.038433649,Padi
24.47794061,151.8513309,82.17069749,5.251439848,Padi
24.28560142,159.1662032,82.68334706,5.161627285,Padi
24.09758164,143.2885721,83.12422633,5.246197963,Padi
23.02428998,127.3090178,80.1868339,5.409685532,Padi
24.43868114,139.9005327,80.87648733,5.198715717,Padi
25.68527024,129.3276963,81.92483476,5.236081147,Padi
25.8406595,157.1186322,81.22828716,5.291879624,Padi
23.96482154,152.3811642,81.04725277,5.338011141,Padi
25.33981779,127.4924088,80.58870958,5.260213982,Padi
25.912278,162.7260225,83.39761813,5.287106672,Padi
26.00914491,135.0703931,83.29259336,5.445303915,Padi
25.09265268,155.4516479,82.28063764,5.195101613,Padi
23.81950331,159.7358261,80.12571254,5.494382467,Padi
25.17147769,144.9317764,81.57661399,5.041093996,Padi
24.8949696,163.606325,83.76300113,5.285844354,Padi
25.67603891,143.3038886,84.65435308,5.479672381,Padi
25.57081589,148.3839961,80.87449043,5.23076912,Padi
24.40742575,155.3069424,83.51735835,5.365750519,Padi
24.49610173,155.8226155,84.44802902,5.415084352,Padi
24.84062964,151.6828888,84.99769481,5.41453161,Padi
24.35293204,157.4212523,80.40709269,5.427183672,Padi
24.48152194,164.6320507,84.9217711,5.379128411,Padi
23.69220591,132.9997788,84.49505504,5.29250551,Padi
25.32756236,142.1985703,83.24322039,5.244500482,Padi
24.83984312,156.496624,84.25639932,5.392752829,Padi
25.19265897,150.4593086,84.40895231,5.068093494,Padi
24.89728326,155.4409674,83.37680131,5.44323698,Padi
23.16740893,163.8426289,82.30266034,5.25262753,Padi
23.57477437,131.1153235,84.45273308,5.148727956,Padi
23.84435375,135.3553058,81.93750267,5.472930843,Padi
26.37181649,132.7639713,84.3658133,5.369391939,Padi
23.11625487,155.3108512,83.80322512,5.08126744,Padi
25.09539514,163.7678271,82.68948641,5.251922151,Padi
25.47441913,158.9593964,84.95864169,5.179697322,Padi
24.99938122,156.9683895,83.39872651,5.102711196,Padi
24.05684414,128.5173473,84.51507673,5.371967263,Padi
24.37961584,134.2456916,83.20292458,5.482861525,Padi
25.84225917,132.364445,84.24882479,5.327441747,Padi
23.09743749,155.1360443,83.77596272,5.347975206,Padi
23.51496717,164.0797338,81.51944428,5.156726077,Padi
26.10333891,151.9395649,82.71884977,5.346010782,Padi
23.16923296,160.1896385,83.79228568,5.466170592,Padi
23.29948582,130.3742053,84.04195426,5.292066288,Padi
25.92264991,163.4490812,80.65909275,5.184882858,Padi
23.61909951,125.3420615,82.32792086,5.071135453,Padi
26.22523262,127.7493914,81.71806256,5.471947348,Padi
26.22523478,126.5565339,83.59209094,5.376800133,Padi
23.3351133,126.629861,83.59513223,5.014140007,Padi
23.28905708,145.8570959,84.38391428,5.142414017,Padi
25.94343497,133.3954775,81.68455153,5.368580996,Padi
24.32608476,126.5883349,80.60683024,5.259111677,Padi
24.85359525,148.3501834,80.90626801,5.029855937,Padi
26.21187504,162.7333865,83.881356,5.278002624,Padi
24.21411041,148.6758579,83.35207995,5.199380583,Padi
23.90791647,136.970723,82.90887592,5.411470218,Padi
24.17590276,160.1879545,83.70591584,5.305840461,Padi
24.23366608,138.1916941,82.52775461,5.234055524,Padi
24.30791346,142.9368515,84.72893527,5.439871578,Padi
23.82612612,153.4598956,83.89376889,5.009140099,Padi
24.26421627,140.6170895,82.30031921,5.140885531,Padi
23.54012159,126.8212312,80.72560768,5.27144125,Padi
23.50641875,153.9871183,82.0264059,5.455119832,Padi
26.21362172,154.1360326,82.7046632,5.14113659,Padi
25.77687972,153.1687299,82.14805044,5.125795509,Padi
24.70677688,161.8884174,84.45624924,5.422127088,Padi
25.81093804,125.9069901,83.20789612,5.097676463,Padi
25.63112346,147.0231977,83.68384956,5.474368116,Padi
28.08357023,105.3284166,81.86283525,6.07692694,Jagung
29.02123567,137.2181165,85.60637411,5.851216891,Jagung
30.32586924,147.44153,86.0997386,7.032778792,Jagung
29.10119123,115.4202693,89.24681878,6.931385807,Jagung
28.73748879,100.1920032,86.84393925,6.026478802,Jagung
32.45007686,122.9470883,88.37064551,5.991367705,Jagung
28.15882029,131.5873838,81.5003175,5.863501166,Jagung
32.15186671,100.9872537,89.32801747,6.200938585,Jagung
32.77412875,123.9204761,83.39100479,5.68280621,Jagung
28.39625314,149.6474393,85.76487269,5.798646138,Jagung
29.54114108,115.7630009,83.97648789,6.746255845,Jagung
31.30062499,113.4084862,85.68648914,6.819746742,Jagung
29.85109926,149.8802321,81.19070799,5.632702518,Jagung
29.15195246,154.7579955,86.88486024,7.47149967,Jagung
29.62007816,149.17591,88.61970412,6.488877712,Jagung
32.97664444,142.3043266,89.51313473,6.91271898,Jagung
31.04646352,155.6010207,88.02273901,7.429950803,Jagung
28.82152434,120.669611,82.05529747,5.739749268,Jagung
30.92667215,127.1520843,89.96164792,7.27859596,Jagung
32.78089522,130.122517,82.16820322,7.319937171,Jagung
31.68248543,109.6995444,88.62638401,5.896358089,Jagung
30.43508866,104.8844125,80.27822053,6.020789823,Jagung
31.47918054,142.2413821,89.81823696,6.108783763,Jagung
32.24376462,112.8886782,84.54653048,6.724363501,Jagung
29.22100474,148.3414357,89.47445791,5.897376513,Jagung
30.18504751,103.5166295,85.37420731,6.009344409,Jagung
30.26198284,119.3353674,87.51081562,7.006623197,Jagung
31.06814037,124.641997,87.59206888,6.118594943,Jagung
30.37309124,119.6634116,80.81212215,7.290833932,Jagung
30.24753372,158.2428483,88.12773853,5.971871515,Jagung
31.60953276,133.1186649,89.18359828,7.478605793,Jagung
32.27840299,109.0607851,84.25528304,7.039234199,Jagung
31.26830547,151.8271308,85.39284975,6.959568273,Jagung
30.82175899,112.26891,85.45969134,6.099327613,Jagung
31.37998306,139.819522,83.29725096,7.391999064,Jagung
31.75495583,108.3881861,80.54732539,6.479140578,Jagung
32.70277905,142.0323067,80.69545382,7.437802564,Jagung
28.44646608,113.4398926,82.37173708,7.15549833,Jagung
29.92649709,115.0598462,84.16118575,6.343794385,Jagung
29.50223646,143.7527725,81.72487393,6.302076341,Jagung
30.5311576,113.5606982,86.09724498,6.631107751,Jagung
32.84307607,150.5719154,89.29918976,6.150039522,Jagung
31.34092009,154.9770531,86.24334196,6.99605172,Jagung
28.47805698,135.9212685,86.46397501,6.343684565,Jagung
32.03730316,147.6062043,80.26498909,6.513912377,Jagung
28.6204595,111.999865,88.91218584,5.653788322,Jagung
31.92790719,129.875119,89.08679406,6.050401254,Jagung
31.46423108,130.5336845,80.33701911,6.859425694,Jagung
31.98526901,109.5648887,80.24821465,7.288180483,Jagung
31.37754638,146.5717715,82.69380554,5.729742624,Jagung
32.9622957,112.1544886,89.39388685,6.674117649,Jagung
32.66608575,113.7613755,84.98824668,6.420238862,Jagung
28.6543743,146.5166939,86.88272284,6.806757984,Jagung
30.59933366,129.3334823,81.32561493,5.8020589,Jagung
30.62268784,104.4520182,81.42926325,6.069235841,Jagung
29.62886879,127.0716138,83.93452943,7.115256926,Jagung
29.08748593,154.7992092,84.36181532,7.003922429,Jagung
28.65179796,129.036098,85.18465258,6.534481099,Jagung
29.01367327,113.6924374,82.46882356,6.938778415,Jagung
30.48042006,129.3938162,89.50297877,7.080783398,Jagung
30.51977771,143.7681196,89.32349093,5.780867848,Jagung
32.31363903,131.873957,88.01381486,6.643456228,Jagung
32.95863243,120.710264,88.40481728,5.616728138,Jagung
31.26211112,156.5219627,87.23288386,6.394074403,Jagung
29.20416086,147.9914592,87.57076453,6.780151952,Jagung
28.91398259,154.1527649,81.16360432,6.29616432,Jagung
32.03769829,115.8646099,82.09570272,6.171865404,Jagung
31.20252612,143.5053833,87.48843479,6.043785347,Jagung
29.96073505,139.0593625,86.68226092,7.174984305,Jagung
28.8012969,158.1026497,81.54368339,6.793642156,Jagung
28.94682547,113.0224278,89.02610724,7.247265016,Jagung
28.00730287,135.9403042,81.22095111,7.172926311,Jagung
28.59244446,155.5090402,89.01699616,6.22832003,Jagung
29.35137901,115.7327322,84.39494955,6.95893776,Jagung
32.07933368,153.9914252,88.90319964,6.614852969,Jagung
28.03590397,135.6481031,84.15936387,7.230392728,Jagung
31.36870582,154.3429086,87.96958487,6.875198756,Jagung
28.17904504,151.5496004,87.30100785,6.462021032,Jagung
31.98547456,124.1335599,89.96600802,7.18919151,Jagung
30.37138697,122.1006849,82.55602961,6.644230843,Jagung
31.13811079,137.0623414,87.25867541,6.715777356,Jagung
30.07083385,159.7538059,83.16767847,7.44685677,Jagung
31.18349314,150.8917874,81.77002209,7.111836491,Jagung
30.81400056,117.4774946,80.21916169,6.048791672,Jagung
28.64497763,111.2461634,89.68118323,6.525322236,Jagung
32.45511319,117.8983183,80.34648136,6.53806047,Jagung
28.6669078,139.076169,81.3018026,7.092237038,Jagung
31.28145285,128.4994765,80.9058081,5.706985369,Jagung
28.73873133,106.3540428,82.03793126,6.763952665,Jagung
29.89276532,104.2941643,81.09667706,5.988487113,Jagung
31.11531893,158.4876523,84.14370061,6.782771008,Jagung
32.48028568,102.7820551,85.26579881,5.828478839,Jagung
31.39547852,106.7485599,82.67267009,5.887011017,Jagung
29.46312624,118.5341113,84.719264,6.019321167,Jagung
32.2188572,115.7779426,83.79384005,7.366116911,Jagung
28.87666409,144.6220002,82.58839326,6.271952449,Jagung
30.96685097,134.0391719,84.04015469,6.97000544,Jagung
28.62020098,133.4259893,84.59603986,5.635063571,Jagung
31.63834919,155.4377938,89.50015257,6.806487352,Jagung
29.10098601,137.2137303,87.56916486,7.138832172,Jagung
22.97525696,152.9899973,60.85499613,7.407874876,Pisang
25.92035024,165.8612024,63.95448188,6.933580279,Pisang
22.80989821,172.8685173,63.01247497,6.987129741,Pisang
27.79075265,153.6863281,64.84604807,6.920921632,Pisang
23.86148286,162.1772972,63.62306916,7.400069402,Pisang
26.63302476,145.6986176,60.2530308,6.531531642,Pisang
26.12932491,146.9733458,61.83212638,6.757937544,Pisang
26.1990666,155.4737916,61.85311487,6.686674025,Pisang
24.78553093,167.7508372,63.59011621,7.071784117,Pisang
22.0196327,144.9793207,63.49227163,6.793801532,Pisang
25.01389566,156.7907535,60.558097,6.734959454,Pisang
23.78800783,140.4508532,64.39155432,7.440209183,Pisang
26.57934028,158.4378628,62.56179057,6.983707547,Pisang
24.96733665,166.9998529,63.4886075,7.028475408,Pisang
24.3389459,167.9314837,62.29358195,7.457187344,Pisang
26.69333239,173.5530249,64.57754848,7.438145019,Pisang
26.88767732,159.0508107,61.15950267,6.599553333,Pisang
25.82313118,171.5719151,62.60659582,7.3756966,Pisang
22.66364865,141.0429233,63.2733395,7.140843699,Pisang
23.96426061,179.4627518,63.30437412,7.473606132,Pisang
22.86758096,146.728685,64.92422549,6.939226802,Pisang
26.51688671,155.5791615,61.76263045,7.376787116,Pisang
23.43931461,163.2023165,61.50383353,6.636417933,Pisang
22.7646721,161.8189605,61.69360942,6.673507455,Pisang
27.39917247,148.1095615,64.60922177,6.6202416,Pisang
25.41938474,164.7084596,60.20947075,7.393421358,Pisang
24.27147865,169.1529853,62.34724927,6.658718649,Pisang
27.14622334,175.4418687,62.38847111,7.334502992,Pisang
27.27045139,152.2071099,60.08887498,7.124004912,Pisang
24.78321842,161.5724002,63.31273152,6.663863024,Pisang
22.79938191,163.6993431,60.22434853,7.269984165,Pisang
26.85609538,162.2642176,61.07110108,6.908118208,Pisang
23.75750538,169.1465921,62.37037446,7.233279583,Pisang
26.58521123,171.8822008,62.50425058,7.078852124,Pisang
22.16661429,145.4346311,61.02384365,6.978675333,Pisang
22.75395682,166.7903343,61.29613031,7.39513771,Pisang
25.44742563,152.654426,63.46044852,6.637825844,Pisang
26.7719219,167.2675922,64.48973427,7.283277039,Pisang
26.56443879,171.2331263,60.84572843,7.458487697,Pisang
27.12045494,172.544851,60.31976415,7.216501617,Pisang
23.53318731,161.7542319,60.37316911,7.469970027,Pisang
26.49559506,157.1158403,61.37942305,7.423184063,Pisang
24.95180625,164.099289,61.73276649,6.542421132,Pisang
27.25649701,156.8183871,63.96869206,7.390353857,Pisang
25.40910452,154.3789531,61.69402538,6.959484449,Pisang
24.5122424,168.927036,64.79601905,7.445720099,Pisang
26.34315006,151.6672365,63.854996,7.27191701,Pisang
26.48283997,169.6171207,63.82743817,7.317722953,Pisang
22.1649293,176.7124048,61.01463644,6.775435887,Pisang
23.86221889,145.1941543,62.00575385,6.887284866,Pisang
27.21723714,168.7969722,64.21095629,7.02175054,Pisang
24.56504903,170.7257058,60.94886439,6.826834277,Pisang
22.91017225,148.2032642,63.70219748,6.701725247,Pisang
22.25458939,164.0959044,64.64090516,6.788027503,Pisang
27.68592593,158.68142,63.60577146,6.745856553,Pisang
26.88500814,178.5213627,62.45093638,7.040026955,Pisang
22.48120238,179.9792726,62.25807798,7.280945471,Pisang
25.81541994,162.9349537,62.87357435,7.325291497,Pisang
24.70664703,177.806918,62.92514061,7.445343611,Pisang
23.3762534,163.9851434,64.9042023,7.16165893,Pisang
22.77489148,175.1180727,64.05225982,7.176564687,Pisang
22.87226942,164.5651722,63.29283526,7.347845292,Pisang
27.77679662,155.7552324,63.65634288,6.69742422,Pisang
24.42681923,160.7373167,63.48837868,6.83857672,Pisang
25.72795692,153.6559315,61.91937802,7.078039244,Pisang
25.47930235,162.1600103,62.29684588,6.823093726,Pisang
27.44983945,167.9644086,64.51091868,7.22818451,Pisang
24.81838947,158.0244045,63.2952223,7.0959295,Pisang
27.55673563,142.0920929,64.07692472,6.952832588,Pisang
25.10455406,166.5079531,61.89608784,7.186738463,Pisang
27.21631003,144.0946538,62.84921342,7.158445519,Pisang
23.26068775,161.2164366,64.92214593,6.823782891,Pisang
26.30932277,173.5900575,62.64531206,6.952576403,Pisang
25.16918227,174.271595,61.85125829,6.894544083,Pisang
27.06659982,156.1422247,61.03412681,7.134017351,Pisang
27.62921064,175.7874758,60.24294037,7.188584923,Pisang
26.28007263,158.640009,62.76593023,6.739161748,Pisang
22.89615858,142.557464,62.67888124,6.736665413,Pisang
22.24711971,177.0203455,60.83800258,7.267260966,Pisang
26.16895524,175.6973376,63.89437202,7.350912843,Pisang
27.28980168,167.7939032,64.74572503,7.116549996,Pisang
27.93613455,148.6264516,62.67683386,6.556425681,Pisang
25.22634401,167.9827448,61.97832155,6.716534978,Pisang
23.87488268,144.5735888,64.08369537,7.265334008,Pisang
22.32941404,167.7415729,64.59126517,6.637035142,Pisang
23.23205435,140.0126818,62.89313895,6.560298274,Pisang
22.72634548,146.7446739,63.38572075,6.90938432,Pisang
27.87128845,144.7778123,62.71576612,7.235777215,Pisang
26.16531839,174.626462,63.28423642,6.777775712,Pisang
24.70403976,175.8278411,62.24442746,6.640408951,Pisang
22.2913444,158.6658511,60.9226836,6.627075897,Pisang
23.58959469,155.4665396,61.54454357,7.499513026,Pisang
25.83230868,146.7111792,63.90712158,6.825274649,Pisang
24.48458424,169.3204139,61.14722467,6.665794075,Pisang
25.63517551,140.491516,64.98373712,6.983063037,Pisang
23.11617606,144.5451493,64.73288469,6.637771999,Pisang
22.93932609,143.4554354,63.48103779,7.027266279,Pisang
22.56115129,149.5821822,62.39969522,6.748708811,Pisang
23.43645865,169.0686022,64.74472447,7.003263917,Pisang
22.62384094,163.3204303,62.19640036,6.69174556,Pisang
29.1353125,158.241548,88.64383609,6.371961046,mangga
26.14613369,131.1894417,86.19215201,6.123384903,mangga
30.54827778,145.1878253,89.19613603,6.663245082,mangga
28.12946801,159.8736754,89.29092513,7.11036301,mangga
27.57142749,133.8810244,85.03623781,6.77557832,mangga
30.02582409,156.5362429,86.46135863,6.160583911,mangga
27.90369429,144.6049797,87.26836591,6.123307903,mangga
30.66654764,148.4523521,87.50586659,5.874365897,mangga
29.79905057,136.7642888,87.53745737,6.877747415,mangga
26.94824828,159.3424137,88.26342918,7.333530419,mangga
26.12419397,156.1750426,88.17268099,7.158293502,mangga
29.46076368,158.2118801,85.06116202,6.469710632,mangga
28.79641781,152.6588321,89.48352317,5.974450135,mangga
26.30923138,155.7271309,87.60845351,6.627336836,mangga
30.71349055,155.5366851,88.7975616,7.015950522,mangga
29.18982619,138.2472306,88.38807194,7.296233359,mangga
31.16673696,156.215182,89.66320336,6.242046901,mangga
31.93652284,156.7731352,89.5239084,5.613335414,mangga
30.60966858,149.4712688,85.32245341,7.249389534,mangga
29.56504438,132.423544,88.65332122,6.377136163,mangga
27.05543861,158.0946196,87.359235,6.322899326,mangga
29.73964216,142.4452776,85.82407382,6.382160644,mangga
30.91319064,147.5649202,88.08814618,6.162607767,mangga
28.18864937,158.0608446,86.9464457,6.272892338,mangga
26.70716259,146.6797282,89.30575399,5.713472819,mangga
27.29942323,133.9206916,89.10484862,6.565760709,mangga
27.89594048,144.673624,86.14485905,5.547389818,mangga
28.38587433,147.6222659,89.04560642,7.02691552,mangga
29.92867156,159.7270309,89.11006902,6.942567778,mangga
30.7373708,146.6944464,85.96441162,6.853573199,mangga
31.08010248,136.8937253,86.31937015,5.668746089,mangga
30.03441477,148.462487,88.99284338,7.070517931,mangga
26.56057621,152.1147315,87.54753719,7.389799484,mangga
29.9924837,137.375379,89.6257552,6.263206268,mangga
28.20225425,148.3388172,87.38205938,6.263376255,mangga
28.39756337,140.620451,87.50280307,7.451031542,mangga
28.09236436,133.3555166,88.70695631,5.893564766,mangga
30.90332373,134.5683413,87.10573937,7.119524669,mangga
29.34268265,154.6831508,85.4609855,6.377236596,mangga
28.9433464,141.4414454,87.61072016,5.636040133,mangga
31.01809602,134.5670648,89.44849304,5.720762108,mangga
26.59573479,149.9356773,89.85694957,7.306209044,mangga
31.15872492,148.8707366,87.3815308,6.15168656,mangga
28.91393861,145.0153019,86.05380411,7.465631857,mangga
28.94129691,137.4467858,86.02265987,7.225603914,mangga
26.47930099,142.8911254,89.64591892,6.919232312,mangga
29.53441715,151.2195244,88.60098926,6.587025374,mangga
30.44234405,143.4842074,89.13996019,7.367524367,mangga
29.66043699,148.1586864,86.50697687,5.927777911,mangga
30.0424495,143.1545822,86.39461563,7.124313061,mangga
27.96863396,142.7975277,88.11812208,7.166528131,mangga
26.35160667,139.4238644,86.2197736,5.573068195,mangga
26.78669548,132.8317627,88.03314001,6.280814188,mangga
31.9786928,148.1223561,89.56521092,6.832696234,mangga
31.88173427,134.9411295,87.13876281,6.330588575,mangga
28.95561299,154.5032924,86.11341994,6.910982749,mangga
31.83111892,142.9190283,85.40743742,6.395001754,mangga
31.87700481,149.2517251,86.59081569,6.364951541,mangga
28.58413445,133.1096979,88.39770559,7.408461951,mangga
31.55451254,131.315793,89.48479505,7.217869012,mangga
31.24728077,140.5524802,88.22019268,6.376616796,mangga
30.47656711,143.4181041,85.47730126,6.825363563,mangga
29.75834721,137.8140262,85.36461144,6.494584825,mangga
27.71117536,158.6138624,85.08250719,6.785234193,mangga
29.77287505,154.132793,86.53174639,6.450256745,mangga
27.95975099,158.1060385,85.92341208,6.18851861,mangga
26.52660674,146.1328017,89.30198128,6.179929971,mangga
28.3902814,153.4770753,89.28562774,5.563980428,mangga
28.07771799,140.0382031,86.21296102,6.665781646,mangga
28.38684762,142.875367,89.26744541,6.662607822,mangga
30.28236997,140.2198708,89.64263838,6.09796933,mangga
27.8723211,143.8665353,88.8834667,7.483856607,mangga
30.37743177,140.2007352,89.1960786,6.69497973,mangga
28.24401076,137.289671,86.91943613,5.993293987,mangga
29.8192463,156.9239392,85.78653857,5.981654801,mangga
26.91553535,144.8181372,86.79219179,5.926626992,mangga
28.06456187,153.1157504,88.21214434,6.651705443,mangga
28.41715896,149.4896474,89.73643807,5.724689118,mangga
30.77362606,133.9733013,89.46325554,6.554491885,mangga
31.77437783,136.0732397,89.38150911,6.221635032,mangga
26.92688994,150.1294715,88.42111661,7.071665391,mangga
27.59917004,135.6985652,86.94270146,7.101402808,mangga
29.37034323,151.598078,89.41619361,5.916375506,mangga
26.32237761,156.7492446,86.00616882,6.349578069,mangga
26.45203902,134.3326152,88.08153973,6.270009512,mangga
31.21086634,156.128893,89.13049553,7.237467338,mangga
26.79495521,140.2718515,87.08463789,6.507427188,mangga
27.74608755,156.0956008,85.80974159,5.960399328,mangga
26.85244808,150.7027746,87.17843747,7.314032711,mangga
29.52984032,157.6922355,88.74660187,7.327708582,mangga
26.64187605,155.3121738,87.78843387,6.640947568,mangga
27.26259796,140.3981561,87.53132124,6.379515324,mangga
29.92246388,158.1006519,85.69213009,6.567624291,mangga
26.14189917,140.8785299,86.76425569,7.090347454,mangga
29.74292197,142.6529486,85.4746228,6.388783569,mangga
27.86633339,134.3347812,88.77249094,6.95038368,mangga
26.94970832,151.8270871,87.26900793,7.025825773,mangga
27.12938721,135.9529662,87.70295651,6.16671126,mangga
26.31517519,140.8831884,87.15432065,6.04964771,mangga
28.76322055,139.5379024,87.65185877,5.561050133,mangga
28.16543896,73.98506977,76.29088461,6.807539822,anggur
26.99533688,78.93042226,79.67020761,6.281582695,anggur
29.75724441,83.45419353,77.47040849,6.211451709,anggur
27.93065082,66.38584661,76.36907916,6.556051965,anggur
27.8679134,88.0783927,76.67829691,6.574636355,anggur
26.2857919,83.67424607,77.01732851,6.071987879,anggur
26.99496196,87.22946031,79.92007714,6.562973504,anggur
26.86552348,96.83591767,78.53106434,6.409147009,anggur
26.44794714,76.84693622,75.73138766,6.189357826,anggur
28.92339125,98.11478811,77.19701313,6.485428259,anggur
26.51401409,75.11748437,77.32687503,6.840174943,anggur
29.37458982,97.00910051,75.32983377,6.769552551,anggur
27.82159647,88.66374065,77.83867518,6.242064954,anggur
26.87997253,98.03242495,78.35696597,6.382969412,anggur
29.00456807,76.88475428,76.30236913,6.63127658,anggur
28.8974208,85.03227199,77.82440802,6.687229753,anggur
26.04223157,92.8444261,75.64341777,6.8615316,anggur
30.75294695,79.92430928,77.82901648,6.375409453,anggur
27.85478005,79.07387074,76.88543898,6.378289778,anggur
30.86366807,94.70634689,79.8683938,6.647454293,anggur
27.91126431,82.23574792,77.28255757,6.380230552,anggur
26.46065761,89.31204164,78.37944483,6.930234634,anggur
28.25482847,84.4807662,78.70579145,6.786250884,anggur
26.05401311,86.45817449,77.572271,6.233749722,anggur
30.10524379,85.70121011,77.98445297,6.684389489,anggur
27.44666207,71.52395285,77.18195277,6.799356863,anggur
27.95213411,90.13238963,76.7816899,6.206699588,anggur
30.5355621,89.84372316,76.66745417,6.527701475,anggur
27.29869906,68.54188865,79.9921649,6.11378846,anggur
29.79573008,77.43153682,75.33081155,6.399949425,anggur
27.08183757,83.41756287,78.58850715,6.482592588,anggur
27.75541581,85.83495171,76.79749558,6.64970832,anggur
28.28766648,71.43225706,76.07230255,6.355962618,anggur
30.78127412,92.27531338,77.61192981,6.279880393,anggur
30.25278294,86.1771491,75.40480327,6.564807883,anggur
27.95840498,80.46266747,75.38342325,6.157627666,anggur
28.37541106,97.49994132,77.46292429,6.138210412,anggur
27.22065129,75.48877331,75.9988161,6.422386153,anggur
28.04352343,73.85134562,75.96273334,6.467454529,anggur
27.90100062,73.56975617,75.49639215,6.013713034,anggur
28.57426313,89.73814616,76.15037572,6.990315424,anggur
27.44177106,91.60474602,76.99635019,6.60597846,anggur
29.83706235,83.75418691,77.79434476,6.132312044,anggur
29.40317609,67.1704782,75.64320933,6.604079978,anggur
26.64564344,77.10295539,76.03788698,6.103129567,anggur
26.36465239,83.72064398,79.97299348,6.128202369,anggur
27.51172462,99.19090189,75.92466789,6.75536519,anggur
30.10981534,91.10398415,79.9992545,6.218549843,anggur
27.8875083,94.23225794,78.73273921,6.133630885,anggur
26.53237848,79.35083525,77.8140361,6.690352774,anggur
26.64034673,84.7490786,79.09068057,6.117720384,anggur
29.94536928,82.53110229,79.8360224,6.089178739,anggur
29.79405183,86.49823703,76.85821187,6.841450168,anggur
26.35530805,81.41751112,78.02279833,6.55629939,anggur
29.51732808,66.82145065,79.47987983,6.461259386,anggur
27.57434237,92.55944092,79.83506441,6.522055477,anggur
30.93789988,68.03418497,79.15385637,6.800495926,anggur
27.43949124,91.87017686,76.6785217,6.826444098,anggur
30.50885177,74.67016933,79.43314331,6.744996733,anggur
27.77182648,80.42508467,79.89376131,6.895799313,anggur
29.4270987,66.51517106,77.7467726,6.785912823,anggur
29.73614046,75.28233493,77.5947374,6.842033086,anggur
26.70867393,66.23445217,79.41311719,6.320741804,anggur
30.18293343,83.40401044,78.26689878,6.272085601,anggur
27.14657523,77.09440237,78.22372772,6.88708596,anggur
28.68187184,96.79312644,75.61756918,6.748795478,anggur
27.35973743,91.48854779,76.91645111,6.526170442,anggur
30.12169723,68.26408706,78.79758674,6.889818489,anggur
29.07233042,99.12798401,77.54950199,6.552678303,anggur
28.17030167,69.48055544,79.86531868,6.234641864,anggur
29.82476168,73.99778227,79.08535989,6.668542952,anggur
26.93577953,80.81164082,76.64899769,6.092604703,anggur
27.82266395,98.52141388,78.19985222,6.005227731,anggur
28.11752054,78.97474463,75.24718516,6.545463192,anggur
27.4341925,96.20248388,79.31768728,6.196477407,anggur
28.67381241,72.20197917,77.28371357,6.836009327,anggur
29.02785747,97.33655584,77.98505143,6.850657832,anggur
26.21097479,77.07686004,78.30292208,6.655778096,anggur
29.04921342,70.7913198,76.30764535,6.291152756,anggur
26.23671633,82.21308982,79.41117007,6.405356585,anggur
30.12181591,98.9696127,76.1677659,6.275357839,anggur
27.07212524,87.19341655,79.60021364,6.986927689,anggur
28.25940547,80.89422575,78.17725782,6.051479329,anggur
29.10462796,72.05599352,75.77572721,6.23887393,anggur
26.88874979,99.85830702,77.63904507,6.738777343,anggur
28.59956614,69.53509713,79.26193309,6.023527572,anggur
28.39925405,80.59442345,75.82295135,6.183759747,anggur
30.91968924,98.25863632,78.39498131,6.090279695,anggur
27.16917606,84.7182505,76.91013092,6.708762673,anggur
26.53849371,96.63077529,76.6426243,6.8211348,anggur
29.43453073,90.84322626,76.20492452,6.532212247,anggur
29.60471941,82.84810395,75.70476281,6.85759586,anggur
27.57288959,98.08928718,76.25267183,6.925828592,anggur
28.01603821,74.6599716,75.50794077,6.104661841,anggur
28.00345509,96.11616185,75.05305837,6.954486771,anggur
26.58879482,72.83696921,78.97524155,6.5129031,anggur
28.51138531,91.55231374,77.00003161,6.886504758,anggur
26.27084342,75.57885861,75.57535969,6.798617052,anggur
28.19386928,88.66331313,77.97341407,6.569866597,anggur
29.69111539,90.64737,79.23600078,6.914189891,anggur
23.94308409,43.95212923,71.98944779,6.184020979,Semangka
24.44151074,40.63766804,65.33072381,6.314560661,Semangka
26.01889869,44.40759208,70.86366302,6.344159043,Semangka
23.26301327,41.65562126,69.87759475,6.698074458,Semangka
25.82381548,45.91144932,66.19306603,6.221558334,Semangka
23.46002586,40.86992581,65.87268094,6.940928197,Semangka
23.96370226,42.0622215,69.98424135,6.181427914,Semangka
22.10200913,45.35786901,69.36044339,6.925588504,Semangka
26.93747712,43.04441042,69.85255784,6.446706456,Semangka
26.15658884,41.77302732,71.31157292,6.312482335,Semangka
24.21253789,40.015009,71.83698512,6.755852301,Semangka
23.86159718,47.52651143,71.94364756,6.102681581,Semangka
22.27920719,41.94669939,65.08566353,6.654083618,Semangka
23.10049875,46.6130616,65.7815359,6.348688071,Semangka
26.87558021,44.76562118,71.07662618,6.189502544,Semangka
26.71067106,45.48380713,67.17708827,6.992308746,Semangka
26.08445711,47.21299578,65.2450418,6.441625043,Semangka
24.97150551,45.03436136,66.80740084,6.480339659,Semangka
25.88705485,46.85762709,66.33441088,6.756271495,Semangka
23.48453477,41.37111833,70.57936401,6.198743774,Semangka
26.4469897,44.67684254,68.36954495,6.939082603,Semangka
22.81963968,44.94899505,69.53239365,6.233408012,Semangka
26.83742126,42.66558328,74.18569884,6.773097815,Semangka
25.7459727,48.17056631,65.66876321,6.970114927,Semangka
26.84624493,41.47464505,68.96963542,6.924242216,Semangka
23.99885581,42.92182374,65.87430527,6.324316435,Semangka
25.2955182,44.53516434,69.87069112,6.865518292,Semangka
26.96115721,47.70192775,65.89800825,6.553167615,Semangka
24.29611533,44.94460656,68.44298958,6.252096934,Semangka
26.22633685,43.78971363,69.6653727,6.703849938,Semangka
25.54878496,42.12460062,70.32444427,6.640476151,Semangka
25.20111106,49.76685954,71.61596029,6.044268867,Semangka
22.25818174,45.20475743,68.76888917,6.167472025,Semangka
23.98850363,49.8923271,67.03735193,6.484999244,Semangka
23.00563413,46.34793195,74.75554323,6.814636815,Semangka
26.85710104,40.09292206,72.77146428,6.133715682,Semangka
23.91969054,43.24985779,65.24096904,6.959560685,Semangka
23.8699139,40.25123401,68.59747552,6.25952919,Semangka
23.12480258,42.05109048,73.39014606,6.222181223,Semangka
25.60330095,45.53807191,67.06423242,6.460090358,Semangka
22.71614617,41.33303682,71.87041335,6.448250531,Semangka
24.07507357,49.47111891,68.37851138,6.021162861,Semangka
25.38131329,48.38021809,69.53073465,6.005980941,Semangka
23.31242446,45.33753568,71.22906869,6.991236732,Semangka
24.37401997,45.26134713,70.96816148,6.2506448,Semangka
26.40112584,43.84247995,65.78609957,6.159690134,Semangka
26.61269847,45.38696149,74.56490671,6.592150491,Semangka
25.04048216,41.4481357,65.98956059,6.918719685,Semangka
22.58440446,48.05865154,67.28761045,6.614316827,Semangka
22.70601551,40.12199902,70.88367792,6.605604825,Semangka
23.6891857,42.42539223,71.06770583,6.657622761,Semangka
23.68196223,41.33960994,65.0920119,6.394324536,Semangka
26.62111439,44.87474653,69.69477928,6.73243502,Semangka
24.20280994,41.46926622,73.36871727,6.948095379,Semangka
22.58161136,43.71189732,71.07998803,6.811071764,Semangka
22.30811792,44.05356248,69.97727368,6.260048919,Semangka
24.81809622,45.78277724,65.79742938,6.625793293,Semangka
26.49020441,44.28326729,66.97685556,6.704464659,Semangka
25.39121333,44.77172547,65.81442912,6.32629537,Semangka
22.7854395,45.39557572,65.94263802,6.97055789,Semangka
24.63431586,45.80673497,68.98768725,6.180685253,Semangka
23.27785356,47.76761651,73.78964046,6.663983849,Semangka
26.1960937,41.52271552,74.72036247,6.071098508,Semangka
25.58207579,42.15689387,69.39454905,6.37504623,Semangka
26.77933501,40.58148764,70.63671654,6.923090001,Semangka
22.72751148,41.61893517,71.31422983,6.201460769,Semangka
25.70562226,47.26847039,74.63813679,6.454078645,Semangka
22.51368768,48.195279,72.66013388,6.190658478,Semangka
22.80170065,46.66583099,70.998641,6.564820572,Semangka
25.80769118,47.60951491,74.73076611,6.870268521,Semangka
25.33808163,41.18597686,68.30331914,6.891316576,Semangka
22.06828367,47.12182508,67.99128816,6.801741066,Semangka
23.73377122,42.69642851,73.33771741,6.116381942,Semangka
26.570935,48.63033624,66.63958538,6.302746815,Semangka
23.42248879,41.21412208,72.59538066,6.530048866,Semangka
26.36555205,47.02598961,66.37659635,6.976299465,Semangka
23.28148692,42.86211287,65.72905276,6.78937613,Semangka
25.38786688,49.32346117,66.46663466,6.183389564,Semangka
23.65633184,42.96573598,73.17630313,6.929764668,Semangka
25.96000782,43.15225606,70.66658846,6.874944917,Semangka
23.07615887,42.6162676,70.41754317,6.117515522,Semangka
24.7340654,42.29325218,72.65357242,6.20881823,Semangka
23.44575333,40.75763758,66.35027873,6.652641307,Semangka
25.16500622,41.64302583,65.35171954,6.192443256,Semangka
25.13996636,47.43660807,70.65194593,6.907871933,Semangka
23.78008528,47.42640929,67.40123999,6.750273986,Semangka
23.0533862,43.53473756,66.56625562,6.055577045,Semangka
26.40977688,40.55991465,72.82411361,6.500995045,Semangka
26.3875896,43.4482132,69.65549285,6.302160459,Semangka
25.38983136,49.0685941,69.86929935,6.874199663,Semangka
23.71702422,45.17016921,65.34094609,6.896890336,Semangka
25.45330935,41.46965928,71.44379677,6.671492872,Semangka
24.8416311,43.56711549,67.17884687,6.662580075,Semangka
22.63293012,43.96233463,69.90545217,6.402934814,Semangka
22.00640567,45.22470634,72.31771638,6.272455478,Semangka
25.59631806,40.23801238,71.82647524,6.31871982,Semangka
22.48790411,40.10549447,67.1256584,6.415141377,Semangka
22.47052258,46.70944325,73.68896344,6.665467305,Semangka
25.08105175,48.53779757,74.78659982,6.786972534,Semangka
24.43962866,44.69837382,74.84091662,6.086176252,Semangka
25.48846481,160.5015138,182.1848009,6.72126681,Apel
24.80933552,180.5345717,172.3208227,6.528942593,Apel
25.03238377,203.971715,189.003491,6.165084165,Apel
26.4164753,153.6304984,165.4085617,6.571054977,Apel
25.59556988,170.7361451,158.3305223,6.616492586,Apel
27.6803466,150.7710424,156.0434935,6.334618376,Apel
26.78867952,157.1170386,188.3842138,6.412574574,Apel
24.81386612,167.5223256,144.1409079,6.470804082,Apel
27.46101609,186.3864245,151.2871126,6.250625405,Apel
27.17499392,206.3053605,164.4564354,6.223402247,Apel
24.06387501,166.4662299,181.0022813,6.537571298,Apel
25.45682274,164.3259057,163.1358731,6.408244826,Apel
27.77768175,177.7352147,167.9631942,6.233717007,Apel
26.50996929,152.3997354,187.6359174,6.523424547,Apel
27.33209762,152.8803248,144.0940102,6.576115175,Apel
26.40795022,156.4866642,154.9537596,6.508906239,Apel
27.94843968,183.3399621,185.4295409,6.862336709,Apel
26.766624,185.208924,147.7155373,6.643752707,Apel
27.49635452,184.1001952,146.9245035,6.101364854,Apel
25.59623579,179.0915445,172.9299955,6.395285258,Apel
24.25891916,162.2510828,182.7742296,6.16798559,Apel
24.24416478,154.958731,173.1602129,6.558106845,Apel
24.30090101,181.4671798,141.9652224,6.917566258,Apel
26.91263187,150.5530255,150.8277731,6.241559021,Apel
27.04388026,198.646103,144.1457521,6.894240442,Apel
27.72420489,172.7779166,154.1966409,6.191779229,Apel
26.00769019,193.7986657,151.9264796,6.023191527,Apel
26.55447726,166.0046187,147.5775563,6.430936327,Apel
25.95302419,161.4523839,140.5828261,6.675564198,Apel
25.37666116,151.6474909,171.3998819,6.47336479,Apel
26.60742878,151.8015734,167.2901744,6.973250734,Apel
25.56318638,162.3223121,183.8766562,6.36225369,Apel
24.18608005,184.5173053,175.3539646,6.004467112,Apel
27.34284206,170.2197576,144.3786178,6.402761486,Apel
25.65545161,160.1188895,186.8968041,6.527733979,Apel
25.46649158,203.7856958,154.2431762,6.697271036,Apel
24.24309496,208.552084,170.1448053,6.907056513,Apel
24.56536291,179.5458803,147.724444,6.55469847,Apel
24.16890716,209.5815705,177.3638576,6.828225717,Apel
26.69913418,175.8427206,168.0153942,6.256705341,Apel
24.98515511,188.9356514,179.7531294,6.699001511,Apel
27.94794139,182.6461589,160.9183006,6.909816284,Apel
27.39953603,179.8930137,169.5248499,6.991087499,Apel
25.54562465,188.8498582,172.0732106,6.422057145,Apel
25.33978576,159.3152133,142.4843689,6.2772323,Apel
25.87984012,203.8186529,172.2712404,6.33985085,Apel
27.50762516,177.9841577,149.8108003,6.215615148,Apel
26.35952593,201.09323,151.528976,6.544546826,Apel
27.88549826,172.7837213,147.4322232,6.503013411,Apel
26.34968281,150.9549829,189.2113102,6.103417328,Apel
26.78049569,204.8625133,169.1445041,6.171059628,Apel
25.01821617,192.8717959,189.9172464,6.183107503,Apel
25.06126406,201.7063525,145.9874645,6.768005184,Apel
26.40158114,207.0939748,176.4252298,6.69864596,Apel
27.25595436,198.3940438,180.9523192,6.803680308,Apel
27.86148748,199.7750458,147.8795289,6.594498632,Apel
27.1631542,168.0368434,186.6173176,6.993756276,Apel
27.27410012,208.8667431,160.3183397,6.037084096,Apel
26.73289656,182.3225699,149.2946854,6.226622487,Apel
25.34504623,196.3692208,170.4574783,6.541365972,Apel
24.73971838,184.8814886,156.0360545,6.089773883,Apel
26.94595735,173.5937016,158.396922,6.048332352,Apel
26.90175051,170.3561845,183.4656855,6.349328498,Apel
24.70791455,199.3227954,167.3205261,6.469507271,Apel
24.74105502,187.1799015,164.7765472,6.403587753,Apel
26.26980761,191.8733902,177.1016943,6.617581165,Apel
26.48045937,192.2016729,186.854123,6.877249724,Apel
24.11669472,179.7103644,158.6332535,6.491685942,Apel
27.4645476,201.0247628,148.5212564,6.631342792,Apel
25.04863644,158.8827466,173.5704701,6.913544728,Apel
27.16113664,154.1974128,175.5676498,6.007822204,Apel
26.83468497,175.6785944,166.0430709,6.621897224,Apel
25.10165263,158.6526598,155.2822541,6.865746524,Apel
24.01104986,169.4675246,151.2429478,6.610670948,Apel
25.01276686,203.8311205,144.973211,6.367314282,Apel
27.76857481,168.4098079,183.1172578,6.663374743,Apel
24.64583467,205.16823,144.6079525,6.783422018,Apel
26.67003526,152.3529952,145.3835722,6.702458421,Apel
24.55230139,196.8138555,163.1378183,6.781650465,Apel
27.17972997,153.3859776,141.8140206,6.723755624,Apel
26.31643771,152.8314791,172.4542079,6.278778642,Apel
26.31409902,178.4761759,159.0191186,6.596805589,Apel
27.97133104,174.2433313,140.7836879,6.509903651,Apel
24.01407073,181.7032194,178.0477651,6.527662618,Apel
25.96564546,159.6813704,159.0585828,6.375733064,Apel
27.57613824,167.7384435,179.7875643,6.154713592,Apel
24.10028654,184.9956985,161.9622979,6.882673256,Apel
24.57327074,165.2060888,144.9178508,6.561976574,Apel
26.98369313,172.9879531,140.9985259,6.45647935,Apel
24.67863976,169.1998469,154.9852075,6.468263737,Apel
27.16485311,158.4317927,161.5883898,6.39363572,Apel
25.39451346,209.5062349,182.4065992,6.543517305,Apel
24.84950714,154.8983985,150.8102524,6.96942887,Apel
25.80454955,156.1476331,167.1042579,6.824307632,Apel
25.61315701,179.4326811,170.0853836,6.771949108,Apel
27.36727115,201.8977367,183.0800339,6.207743069,Apel
27.95714611,178.5230627,189.0476162,6.184203259,Apel
24.30864831,159.5081297,143.7567824,6.031268852,Apel
24.4616518,155.9797033,167.7780963,6.368594194,Apel
25.79006193,191.8319747,173.921372,6.565912365,Apel
20.43027689,191.5081385,51.00901531,6.160765427,Jeruk
23.02780051,146.317006,51.46321789,7.63615636,Jeruk
22.21543992,187.5826984,56.74984585,6.318342588,Jeruk
20.85205145,167.3126717,57.06185816,6.043073831,Jeruk
22.39227954,188.7941893,58.5644369,6.043970453,Jeruk
20.68599968,183.3749515,56.02583945,5.073790927,Jeruk
21.62787212,132.1463321,54.93597611,6.798825221,Jeruk
21.47721927,160.8897432,53.13813401,5.925661451,Jeruk
22.37239074,146.7673533,55.33532922,5.849662882,Jeruk
20.90664673,176.9979806,54.27051915,6.630805896,Jeruk
20.79089123,164.1706692,57.94357815,6.72375829,Jeruk
22.1138062,206.9170665,54.29597319,6.344299682,Jeruk
22.23437916,181.1968856,53.10648532,7.640876562,Jeruk
21.84868339,162.0069619,52.41774234,5.977506018,Jeruk
23.90759988,145.8117606,56.7825255,5.383774848,Jeruk
21.03596972,135.869392,55.70988024,6.47558938,Jeruk
23.47569572,152.6915575,50.10939975,7.623400611,Jeruk
22.4286909,149.3306634,56.49766391,7.135423179,Jeruk
20.53148634,168.8041462,51.77337922,6.364184752,Jeruk
20.36865938,129.6793209,50.20794093,5.584921927,Jeruk
22.25988504,145.8670678,53.06920251,5.011309755,Jeruk
20.1922724,170.5343266,58.41007129,5.561992915,Jeruk
20.01293093,148.1541786,52.03825181,7.460732572,Jeruk
20.08886978,172.6409813,50.1415563,5.190831845,Jeruk
22.47884853,134.7749733,54.8003801,5.171640865,Jeruk
21.25234529,163.155752,57.41544075,5.760032451,Jeruk
20.30680842,125.4828124,59.17942293,7.679746377,Jeruk
20.91607753,135.2519913,50.95792903,5.396719985,Jeruk
22.25265428,173.9424793,59.46777569,5.414894899,Jeruk
23.71712243,182.0088089,59.87029067,5.253351465,Jeruk
22.04491301,187.4936111,50.95355028,7.678391806,Jeruk
22.38742511,161.5620938,59.07938128,6.161671548,Jeruk
21.51624531,134.5762464,57.43505887,5.396826025,Jeruk
21.62945968,160.7685682,50.28884012,6.507668988,Jeruk
21.73275711,153.0845085,51.52722388,5.095235364,Jeruk
23.91948473,201.5483965,59.94734929,7.92976053,Jeruk
23.67806254,180.9479512,52.59886318,5.233060442,Jeruk
22.10838752,205.7729467,52.73224619,7.745130196,Jeruk
22.62784846,145.7880675,57.0908908,7.45677823,Jeruk
20.27405482,192.7013993,57.57260764,5.745206908,Jeruk
23.75891074,200.080955,53.77081714,6.89443764,Jeruk
21.79526702,127.3828289,58.75991637,5.805769065,Jeruk
23.27850551,132.5149358,51.63505247,5.68938197,Jeruk
21.91744457,152.3070956,54.06679398,5.066332326,Jeruk
21.14084,137.2771641,58.75599429,5.584832447,Jeruk
22.5812327,178.6477631,56.22474392,6.812437421,Jeruk
20.05819784,167.6268631,53.10912758,7.185110276,Jeruk
23.61151584,190.8827225,53.53940001,6.655892876,Jeruk
20.88665717,147.9764674,55.74523385,5.388497067,Jeruk
21.30181793,143.5381183,55.56433723,6.403070448,Jeruk
20.2676929,130.3076615,52.52181978,6.001818574,Jeruk
21.47047097,155.5017397,56.14485253,6.502070394,Jeruk
22.64731546,180.7460595,57.11375485,6.96129492,Jeruk
22.69769047,194.7375008,59.7964507,5.470376631,Jeruk
21.39948381,195.737191,59.76560185,5.677162153,Jeruk
21.29032225,192.0168186,55.45333518,7.818237925,Jeruk
20.53250738,159.0703318,55.15783466,6.040576564,Jeruk
22.17137965,177.5369133,56.37549241,7.80103696,Jeruk
22.59439274,144.4199209,56.31166322,5.243984941,Jeruk
23.60080322,143.5516518,58.45276174,6.194438884,Jeruk
23.35204536,202.9098831,56.50132717,7.446457756,Jeruk
20.88553146,137.3200925,53.88024228,5.509274678,Jeruk
23.22227081,194.3825818,52.62280561,5.341989794,Jeruk
22.6523235,132.65385,52.54788045,5.885328297,Jeruk
20.72776025,189.253801,51.18713842,6.426325295,Jeruk
23.72812673,162.3221221,54.28044193,6.435466722,Jeruk
21.419655,153.8221437,56.81351978,5.554109984,Jeruk
21.98152516,147.9477713,56.25099919,6.451215015,Jeruk
20.39050587,207.0555119,52.52392724,6.615360023,Jeruk
22.79076407,168.3602229,59.74503112,6.972331386,Jeruk
21.58347917,185.5030994,58.97106258,5.290103266,Jeruk
22.49464987,197.1239874,51.24485426,6.417997411,Jeruk
22.37799147,125.7684789,56.29348284,6.069188303,Jeruk
20.66019554,161.9047382,59.73835682,5.87031155,Jeruk
23.00226964,137.6564636,53.31432737,6.047730283,Jeruk
21.30229869,142.4756847,56.68008048,6.708722269,Jeruk
23.88295696,194.9611259,54.85694458,7.329699243,Jeruk
22.09422678,201.4349071,57.69253004,5.385807747,Jeruk
21.66528182,125.991492,55.05706349,6.887667837,Jeruk
22.88787906,207.5521122,59.21973002,7.889023217,Jeruk
22.80819656,157.1590852,56.73869076,5.82771877,Jeruk
20.18503429,130.4349873,53.8879945,7.643803273,Jeruk
21.07061397,168.2673093,54.44745761,7.209424425,Jeruk
23.19720625,189.5524677,52.70074773,6.879732726,Jeruk
22.8995753,200.1249441,54.96285063,6.526208114,Jeruk
22.13819157,195.2777858,50.97659977,7.007832375,Jeruk
21.58890441,178.2357506,58.14365554,6.209182531,Jeruk
20.88743932,134.1265088,56.36497307,5.796370618,Jeruk
22.669525,202.6419138,58.9497334,6.319740553,Jeruk
22.80301267,152.1189725,58.26335371,7.564859979,Jeruk
20.78205254,150.4774734,54.67956312,5.672957006,Jeruk
22.11481544,138.474972,59.14004295,6.865686915,Jeruk
21.39549323,173.2569954,56.82240145,5.753290454,Jeruk
22.25603967,134.0484211,58.10278612,6.398938259,Jeruk
23.09403371,202.0267212,53.72146608,5.646662129,Jeruk
22.22418902,140.5150839,56.05915722,7.917316056,Jeruk
23.36969081,146.2213906,50.34723048,5.599437573,Jeruk
21.43350871,195.153854,54.15748412,6.621248254,Jeruk
23.15740749,138.1578059,53.68110495,7.824666245,Jeruk
26.14947327,153.1479026,72.48706388,6.243757519,Pepaya
29.16075124,127.7096321,75.86493187,6.277345443,Pepaya
26.30864494,139.3064337,71.43074682,6.741440758,Pepaya
29.3693778,125.1213475,76.94507509,6.056567715,Pepaya
26.69054331,106.2983071,73.63248556,6.404786725,Pepaya
28.77896345,116.3186179,78.07141994,6.165256816,Pepaya
29.44198684,152.0129047,77.09820841,6.734062422,Pepaya
25.59041812,142.7046656,78.55772045,6.140868051,Pepaya
25.62413793,152.1063055,78.16947647,6.370229173,Pepaya
28.80787717,126.5247171,78.5267366,6.757900532,Pepaya
26.29637727,127.7328821,77.71567901,6.041165155,Pepaya
26.9346725,155.1881441,70.58394153,6.509679824,Pepaya
25.90338319,112.8263342,70.10129286,6.046684543,Pepaya
26.67276093,119.3254978,77.21310564,6.253966554,Pepaya
29.0918322,119.1350768,77.44941841,6.666400785,Pepaya
25.86591646,155.8891374,76.38792642,6.700987466,Pepaya
29.45072032,146.4400311,75.47901552,6.707458414,Pepaya
26.69174733,160.3727048,79.44210602,6.858173014,Pepaya
25.21806533,163.4063827,74.87404904,6.351657731,Pepaya
26.0062842,138.5895758,78.89619842,6.610031639,Pepaya
25.08356204,121.9670166,78.20572956,6.661725661,Pepaya
27.61053197,155.0957322,73.83366049,6.172429135,Pepaya
28.39197822,117.4351948,71.58515809,6.713694471,Pepaya
28.53211826,152.4312921,78.50122577,6.837424534,Pepaya
25.14601475,162.3265625,77.48489989,6.92623283,Pepaya
25.97767053,159.6158167,70.7502832,6.042705794,Pepaya
25.57306216,113.788221,76.00177756,6.022687273,Pepaya
29.3734805,164.2348358,72.57285587,6.666164279,Pepaya
26.23787428,138.5768004,77.29992855,6.684185874,Pepaya
25.96974549,126.6096037,77.68523121,6.630464328,Pepaya
27.35972654,107.7662382,72.10919517,6.187344948,Pepaya
26.79669954,163.1458531,74.09147143,6.85383551,Pepaya
26.29415888,107.6798583,74.24872547,6.199499391,Pepaya
26.67613817,107.1265181,76.18695552,6.892175892,Pepaya
29.3997214,150.8836944,77.25633327,6.230103584,Pepaya
25.47762249,158.5353571,73.87188322,6.589773501,Pepaya
26.62202269,141.2831453,77.4498004,6.483836358,Pepaya
29.97737807,151.8453065,76.42466959,6.158612226,Pepaya
28.0871274,100.918197,76.62152166,6.040172712,Pepaya
29.08010166,133.521357,75.47466867,6.166877535,Pepaya
28.32663002,120.4651008,77.74249326,6.795711901,Pepaya
27.91467867,136.7749649,71.35036444,6.969838193,Pepaya
25.70572283,165.9608138,72.5801775,6.453113004,Pepaya
25.88967671,101.9875307,74.61552414,6.06627909,Pepaya
29.19436233,125.704393,78.50834578,6.36243441,Pepaya
29.46711965,135.0258998,76.12494565,6.838137362,Pepaya
25.23772952,160.7845266,78.65695012,6.765594513,Pepaya
28.4713455,159.4116005,71.41684427,6.810720545,Pepaya
27.9866141,131.6855872,78.48318794,6.570126924,Pepaya
25.22173094,147.662649,73.13051311,6.27731976,Pepaya
28.50749438,138.691689,75.44747592,6.85030489,Pepaya
25.6661759,137.6083898,71.01772415,6.869423241,Pepaya
28.32049336,147.7953119,78.87932493,6.041354945,Pepaya
25.05201539,143.8930294,76.43528116,6.851160517,Pepaya
27.26486989,149.9017354,79.68197522,6.191781849,Pepaya
28.8202219,121.1169603,74.24730625,6.092615979,Pepaya
27.51864584,106.8894965,78.91205753,6.689193935,Pepaya
26.9041324,101.0356348,70.97229634,6.244676479,Pepaya
28.46700528,158.7158144,76.39281267,6.482033405,Pepaya
28.40621326,142.042141,70.80273014,6.826738425,Pepaya
26.21221744,154.6156255,79.95334709,6.042528846,Pepaya
26.57152925,164.2302229,79.44459004,6.683980227,Pepaya
27.32976037,125.6327414,75.89255371,6.029549926,Pepaya
27.68702081,126.4766478,74.27558291,6.952285352,Pepaya
28.26243763,116.7047867,74.923526,6.220297801,Pepaya
29.11048241,135.3774941,74.97648709,6.408059924,Pepaya
29.60917715,140.895042,76.35700063,6.202319719,Pepaya
26.24779328,138.2125953,77.58338627,6.817582342,Pepaya
25.73923962,162.9378319,70.9050722,6.522508171,Pepaya
27.36805725,125.8556905,78.81286573,6.610585926,Pepaya
25.68330723,131.85169,71.50000444,6.568677355,Pepaya
25.9258507,145.3896965,73.32659193,6.706142084,Pepaya
28.45691992,126.3375909,77.79534862,6.622109562,Pepaya
27.32867546,163.0858333,72.9555258,6.143263591,Pepaya
29.43118827,161.4955378,78.04207865,6.305411681,Pepaya
27.04995011,120.8273328,77.00349217,6.909276878,Pepaya
25.63003021,112.8707787,77.91249267,6.454320919,Pepaya
27.54224131,113.4443229,76.13726664,6.372637179,Pepaya
26.41208731,134.2541448,74.27369213,6.4866768,Pepaya
26.58175693,135.4725588,77.74575676,6.119911184,Pepaya
26.33793825,129.1075869,79.80135685,6.629022026,Pepaya
28.55431837,117.237322,72.60161234,6.466228271,Pepaya
27.11656854,105.1064328,76.62856925,6.64942063,Pepaya
28.60841543,101.6463451,78.14874144,6.476327901,Pepaya
25.85820269,153.0290581,77.03900636,6.52128407,Pepaya
28.17748443,108.5001529,71.0131782,6.080994035,Pepaya
25.79165279,162.362833,75.02951714,6.433449211,Pepaya
29.8153965,141.8318307,70.46552911,6.219648329,Pepaya
28.15925961,146.8542061,78.76349572,6.285940199,Pepaya
27.76637736,113.4497407,79.14564183,6.398586118,Pepaya
27.58729356,105.7665942,73.66674144,6.276448362,Pepaya
29.4665873,124.9053001,70.79041085,6.305658837,Pepaya
25.77572582,114.6113223,70.41561994,6.938683258,Pepaya
28.26814537,118.1243655,74.83845987,6.671888785,Pepaya
28.85216077,108.3648698,78.93864607,6.219408195,Pepaya
27.73275777,138.0612281,76.35315172,6.461266149,Pepaya
27.38364829,123.7980171,75.97140548,6.156285449,Pepaya
25.25538954,152.1807145,75.1635062,6.677773485,Pepaya
28.86061183,100.334737,75.96185094,6.561809164,Pepaya
29.49792725,112.4688868,77.48755433,6.570513992,Pepaya
28.88912,150.4367,76.56732,6.788883,Pepaya
